lambda,u4n_qmc_eta10,u4n_ed_eta10,n_mean_eta10,u4n_qmc_eta50,u4n_ed_eta50,n_mean_eta50,u4n_qmc_eta200,u4n_ed_eta200,n_mean_eta200,u4n_qmc_eta500,u4n_ed_eta500,n_mean_eta500
0.200000,-1.3164981757e1,-1.0104236127e2,3.2262500000e-3,-4.9604754084e1,-4.3354234407e2,8.2500000000e-4,-1.9793468933e2,-1.6833943042e3,2.0875000000e-4,-4.9584599463e2,-4.1833779490e3,8.3750000000e-5
0.205000,-1.2287701134e1,-9.6183412996e1,3.3900000000e-3,-4.9683696634e1,-4.1265378061e2,8.2375000000e-4,-1.9674659269e2,-1.6022794157e3,2.1000000000e-4,-4.9584599463e2,-3.9817995495e3,8.3750000000e-5
0.210000,-1.1344153080e1,-9.1667362423e1,3.6650000000e-3,-4.6022851885e1,-3.9323942110e2,8.7375000000e-4,-2.2055605631e2,-1.5268891886e3,1.8750000000e-4,-3.9515901039e2,-3.7944474914e3,1.0500000000e-4
0.215000,-1.1322960135e1,-8.7462685522e1,3.7887500000e-3,-4.7952394516e1,-3.7516373781e2,8.8625000000e-4,-1.8559984533e2,-1.4566973388e3,2.2250000000e-4,-4.8852963859e2,-3.6200139075e3,8.5000000000e-5
0.220000,-9.8139131921e0,-8.3541399347e1,4.0575000000e-3,-4.3053401528e1,-3.5830642681e2,9.6750000000e-4,-1.7104554959e2,-1.3912366995e3,2.4125000000e-4,-3.5675658269e2,-3.4573378425e3,1.1625000000e-4
0.225000,-1.0084671285e1,-7.9878595212e1,4.2212500000e-3,-4.3105329260e1,-3.4256040097e2,9.9875000000e-4,-1.7015528710e2,-1.3300914276e3,2.4250000000e-4,-3.8593051947e2,-3.3053858861e3,1.0750000000e-4
0.230000,-9.3608787835e0,-7.6452042134e1,4.3462500000e-3,-3.9309137765e1,-3.2783008510e2,1.0412500000e-3,-1.5631192125e2,-1.2728903835e3,2.6375000000e-4,-3.4555587586e2,-3.1632357199e3,1.2000000000e-4
0.235000,-9.3505070980e0,-7.3241848687e1,4.5625000000e-3,-3.9511382407e1,-3.1402996222e2,1.0362500000e-3,-1.6500066800e2,-1.2193014857e3,2.5000000000e-4,-3.6870400397e2,-3.0300620894e3,1.1250000000e-4
0.240000,-8.9843958032e0,-7.0230173650e1,4.7375000000e-3,-3.8882425405e1,-3.0108332953e2,1.0400000000e-3,-1.3220297397e2,-1.1690268803e3,3.1125000000e-4,-3.6463400324e2,-2.9051247984e3,1.1375000000e-4
0.245000,-8.5825823512e0,-6.7400977558e1,4.8762500000e-3,-3.4925506541e1,-2.8892123033e2,1.1862500000e-3,-1.4263424942e2,-1.1217987932e3,2.8875000000e-4,-3.5675658269e2,-2.7877584022e3,1.1625000000e-4
0.250000,-8.0586219423e0,-6.4739808686e1,5.1525000000e-3,-3.3832435607e1,-2.7748153391e2,1.1862500000e-3,-1.3438857377e2,-1.0773759571e3,3.0625000000e-4,-3.4197626866e2,-2.6773633279e3,1.2125000000e-4
0.255000,-7.7533245352e0,-6.2233618115e1,5.4425000000e-3,-3.4575009604e1,-2.6670814048e2,1.2400000000e-3,-1.2459684193e2,-1.0355405239e3,3.3000000000e-4,-2.9331896116e2,-2.5733982021e3,1.4125000000e-4
0.260000,-7.5313556472e0,-5.9870599441e1,5.4262500000e-3,-2.9021172736e1,-2.5655029206e2,1.3825000000e-3,-1.2829121177e2,-9.9609538924e2,3.3250000000e-4,-3.0986017013e2,-2.4753732011e3,1.3375000000e-4
0.265000,-6.8811889675e0,-5.7640049465e1,5.9812500000e-3,-3.1704080739e1,-2.4696197353e2,1.2850000000e-3,-1.5513209596e2,-9.5886186622e2,2.9750000000e-4,-3.3166700033e2,-2.3828442705e3,1.2500000000e-4
0.270000,-6.7592009343e0,-5.5532246760e1,6.0500000000e-3,-2.8985065268e1,-2.3790139061e2,1.4075000000e-3,-1.3113629694e2,-9.2367765835e2,3.1375000000e-4,-2.7843209650e2,-2.2954080877e3,1.6000000000e-4
0.275000,-6.3264190786e0,-5.3538345556e1,6.3087500000e-3,-2.8543097201e1,-2.2933051363e2,1.4387500000e-3,-1.2234598413e2,-8.9039508798e2,3.6875000000e-4,-2.6288401841e2,-2.2126976594e3,1.5750000000e-4
0.280000,-6.6000009995e0,-5.1650282767e1,6.4212500000e-3,-2.6937556814e1,-2.2121467780e2,1.5700000000e-3,-1.0282760801e2,-8.5887954411e2,3.9875000000e-4,-2.3642903875e2,-2.1343784641e3,1.7500000000e-4
0.285000,-6.1323370104e0,-4.9860696337e1,6.6212500000e-3,-2.4982654992e1,-2.1352223223e2,1.5762500000e-3,-9.7996612054e1,-8.2900811922e2,4.4125000000e-4,-2.5278669678e2,-2.0601450648e3,1.6375000000e-4
0.290000,-5.6715366021e0,-4.8162853349e1,7.0500000000e-3,-2.4359214485e1,-2.0622423077e2,1.7050000000e-3,-1.0315619965e2,-8.0066840909e2,3.9750000000e-4,-2.7611151159e2,-1.9897181258e3,1.5000000000e-4
0.295000,-5.7916951767e0,-4.6550586599e1,7.2962500000e-3,-2.6229536684e1,-1.9929415939e2,1.7087500000e-3,-9.1444400600e1,-7.7375745384e2,4.4750000000e-4,-3.0136400343e2,-1.9228417820e3,1.3750000000e-4
0.300000,-5.6867612764e0,-4.5018238495e1,7.3737500000e-3,-2.4727269909e1,-1.9270769500e2,1.6500000000e-3,-9.0582144056e1,-7.4818080145e2,4.6375000000e-4,-2.3642903875e2,-1.8592813108e3,1.7500000000e-4
0.305000,-5.3258958041e0,-4.3560611350e1,7.7275000000e-3,-2.3423237152e1,-1.8644249169e2,1.7962500000e-3,-8.3966373141e1,-7.2385167789e2,5.1000000000e-4,-2.4524736419e2,-1.7988210703e3,1.6875000000e-4
0.310000,-5.1552541429e0,-4.2172923242e1,7.8600000000e-3,-2.3517107509e1,-1.8047799102e2,1.7900000000e-3,-8.6987073666e1,-7.0069025010e2,4.7000000000e-4,-1.6753872903e2,-1.7412626676e3,2.4625000000e-4
0.315000,-5.1091768285e0,-4.0850768726e1,8.3600000000e-3,-2.1262930639e1,-1.7479525308e2,1.9437500000e-3,-7.8986845634e1,-6.7862297030e2,5.2875000000e-4,-2.2664916723e2,-1.6864233293e3,2.0375000000e-4
0.320000,-4.9995742670e0,-3.9590083827e1,8.4512500000e-3,-2.1288260809e1,-1.6937680602e2,2.0287500000e-3,-8.6909077048e1,-6.5758199135e2,4.8250000000e-4,-1.9793468933e2,-1.6341344487e3,2.0875000000e-4
0.325000,-4.8862788774e0,-3.8387114760e1,8.7825000000e-3,-2.0209713015e1,-1.6420651154e2,2.0212500000e-3,-7.9576045850e1,-6.3750464469e2,5.2500000000e-4,-1.9441233234e2,-1.5842402881e3,2.1250000000e-4
0.330000,-4.5318094045e0,-3.7238389947e1,8.9787500000e-3,-1.9946837990e1,-1.5926944461e2,2.0337500000e-3,-7.7511306337e1,-6.1833297308e2,5.2625000000e-4,-2.4896034367e2,-1.5365968184e3,1.6625000000e-4
0.335000,-4.6472996681e0,-3.6140694937e1,9.2650000000e-3,-1.9429299517e1,-1.5455178562e2,2.1737500000e-3,-7.7833700897e1,-6.0001331196e2,5.3625000000e-4,-1.9101213836e2,-1.4910706777e3,2.1625000000e-4
0.340000,-4.4941921198e0,-3.5091049887e1,9.3587500000e-3,-1.8932827237e1,-1.5004072359e2,2.2412500000e-3,-6.6610720965e1,-5.8249591345e2,6.4500000000e-4,-1.8148412426e2,-1.4475382379e3,2.2750000000e-4
0.345000,-4.1545726021e0,-3.4086689308e1,9.9412500000e-3,-1.9333318856e1,-1.4572436910e2,2.1612500000e-3,-7.6737124117e1,-5.6573460824e2,5.5500000000e-4,-1.7851413132e2,-1.4058847636e3,2.3125000000e-4
0.350000,-4.0579050360e0,-3.3125043827e1,1.0202500000e-2,-1.7927143246e1,-1.4159167584e2,2.3562500000e-3,-6.8950527747e1,-5.4968650115e2,6.1375000000e-4,-1.5936462058e2,-1.3660036560e3,2.5875000000e-4
0.355000,-4.0126180211e0,-3.2203723730e1,1.0635000000e-2,-1.7035914398e1,-1.3763236992e2,2.4687500000e-3,-6.5404079428e1,-5.3431169630e2,6.2125000000e-4,-1.7851413132e2,-1.3277957703e3,2.3125000000e-4
0.360000,-3.8897151686e0,-3.1320504097e1,1.0708750000e-2,-1.7024582056e1,-1.3383688591e2,2.5062500000e-3,-6.7346016721e1,-5.1957304902e2,6.2750000000e-4,-1.6173270753e2,-1.2911687981e3,2.5500000000e-4
0.365000,-3.7381820741e0,-3.0473311351e1,1.1113750000e-2,-1.6003699871e1,-1.3019630901e2,2.5912500000e-3,-6.8212069228e1,-5.0543594125e2,6.2000000000e-4,-1.6753872903e2,-1.2560367102e3,2.4625000000e-4
0.370000,-3.9072550677e0,-2.9660211069e1,1.1470000000e-2,-1.5018383287e1,-1.2670232271e2,2.7225000000e-3,-6.1586206201e1,-4.9186807803e2,6.5875000000e-4,-1.3008648447e2,-1.2223192505e3,3.1625000000e-4
0.375000,-3.6275178285e0,-2.8879396923e1,1.1655000000e-2,-1.4814287752e1,-1.2334716119e2,2.7437500000e-3,-5.7556701022e1,-4.7883930299e2,7.2750000000e-4,-1.4078425761e2,-1.1899414775e3,2.9250000000e-4
0.380000,-3.4566559867e0,-2.8129180641e1,1.1951250000e-2,-1.5046268193e1,-1.2012356614e2,2.8475000000e-3,-6.0268351183e1,-4.6632143057e2,6.8500000000e-4,-1.3607518879e2,-1.1588333473e3,3.0250000000e-4
0.385000,-3.5939346052e0,-2.7407982861e1,1.2271250000e-2,-1.3973147746e1,-1.1702474753e2,2.8812500000e-3,-5.3415266551e1,-4.5428809347e2,7.6875000000e-4,-1.3220297397e2,-1.1289293346e3,3.1125000000e-4
0.390000,-3.3489525730e0,-2.6714324812e1,1.2653750000e-2,-1.3850668848e1,-1.1404434774e2,2.9525000000e-3,-5.1329613913e1,-4.4271460372e2,7.8625000000e-4,-1.4106305142e2,-1.1001680874e3,3.0375000000e-4
0.395000,-3.2400029296e0,-2.6046820720e1,1.2835000000e-2,-1.4303744454e1,-1.1117640899e2,2.9500000000e-3,-5.6018175253e1,-4.3157782590e2,7.5750000000e-4,-1.4453292548e2,-1.0724921119e3,2.8500000000e-4
0.400000,-3.2172429505e0,-2.5404170880e1,1.3145000000e-2,-1.2857640682e1,-1.0841534350e2,3.1387500000e-3,-5.5487237338e1,-4.2085606148e2,7.7500000000e-4,-1.3166750209e2,-1.0458474852e3,3.1250000000e-4
0.405000,-3.1558558854e0,-2.4785155318e1,1.3685000000e-2,-1.3260134279e1,-1.0575590630e2,3.1637500000e-3,-5.2645617084e1,-4.1052894300e2,8.0250000000e-4,-1.2854252219e2,-1.0201835921e3,3.2000000000e-4
0.410000,-2.9839815668e0,-2.4188627993e1,1.3998750000e-2,-1.3112213216e1,-1.0319317025e2,3.1650000000e-3,-5.1445856116e1,-4.0057733731e2,8.4125000000e-4,-1.2412038254e2,-9.9545288497e2,3.3125000000e-4
0.415000,-2.9243279599e0,-2.3613511488e1,1.4386250000e-2,-1.2738637771e1,-1.0072250324e2,3.2762500000e-3,-4.4304227612e1,-3.9098325689e2,9.1875000000e-4,-1.1823833932e2,-9.7161066296e2,3.4750000000e-4
0.420000,-2.8013685217e0,-2.3058792134e1,1.4625000000e-2,-1.2896711942e1,-9.8339547209e1,3.2250000000e-3,-4.6385506387e1,-3.8172977846e2,9.1375000000e-4,-1.3386957294e2,-9.4861487012e2,3.3000000000e-4
0.425000,-2.6978460389e0,-2.2523515537e1,1.5010000000e-2,-1.2212636230e1,-9.6040198958e1,3.5262500000e-3,-4.6915974650e1,-3.7280096837e2,8.7000000000e-4,-1.1367455321e2,-9.2642590976e2,3.6125000000e-4
0.430000,-2.7344916428e0,-2.2006782470e1,1.5441250000e-2,-1.1477014478e1,-9.3820592441e1,3.6837500000e-3,-4.4431314165e1,-3.6418181390e2,9.1625000000e-4,-1.1209995565e2,-9.0500647381e2,3.6625000000e-4
0.435000,-2.6780462896e0,-2.1507745087e1,1.5676250000e-2,-1.1486127644e1,-9.1677082516e1,3.6300000000e-3,-4.5211620663e1,-3.5585816016e2,9.4625000000e-4,-1.0944544745e2,-8.8432138599e2,3.7500000000e-4
0.440000,-2.5318474634e0,-2.1025603443e1,1.6058750000e-2,-1.1247884514e1,-8.9606229967e1,3.7162500000e-3,-4.7639045829e1,-3.4781665190e2,9.1250000000e-4,-1.1171300103e2,-8.6433745722e2,3.6750000000e-4
0.445000,-2.5972928577e0,-2.0559602279e1,1.6553750000e-2,-1.0782515569e1,-8.7604787699e1,3.8750000000e-3,-4.1901949512e1,-3.4004467994e2,9.6875000000e-4,-1.0907631090e2,-8.4502335245e2,3.7625000000e-4
0.450000,-2.6337820405e0,-2.0109028064e1,1.6883750000e-2,-1.1251566494e1,-8.5669688007e1,3.8475000000e-3,-4.1939735855e1,-3.3253033170e2,1.0025000000e-3,-1.0315619965e2,-8.2634946775e2,3.9750000000e-4
0.455000,-2.7130378692e0,-1.9673206256e1,1.7301250000e-2,-1.0532132884e1,-8.3798030806e1,4.0212500000e-3,-3.6514804394e1,-3.2526234551e2,1.1037500000e-3,-9.6373686219e1,-8.0828781677e2,4.2500000000e-4
0.460000,-2.4138446727e0,-1.9251498773e1,1.7748750000e-2,-1.0455297022e1,-8.1987072766e1,4.0437500000e-3,-3.9108031928e1,-3.1823006840e2,1.0800000000e-3,-1.0641548445e2,-7.9081192585e2,3.9750000000e-4
0.465000,-2.3623169357e0,-1.8843301657e1,1.7843750000e-2,-1.0127139707e1,-8.0234217249e1,4.1012500000e-3,-3.8449115384e1,-3.1142341706e2,1.1075000000e-3,-9.9651556214e1,-7.7389673698e2,4.1125000000e-4
0.470000,-2.3048362939e0,-1.8448042902e1,1.8485000000e-2,-9.6858565553e0,-7.8537004997e1,4.3187500000e-3,-3.8150245060e1,-3.0483284163e2,1.0937500000e-3,-9.4673604351e1,-7.5751851785e2,4.3250000000e-4
0.475000,-2.3297626838e0,-1.8065180451e1,1.8437500000e-2,-9.3957030383e0,-7.6893105503e1,4.3937500000e-3,-3.9208758214e1,-2.9844929225e2,1.0437500000e-3,-8.9076988484e1,-7.4165477864e2,4.7125000000e-4
0.480000,-2.1725737978e0,-1.7694200335e1,1.9518750000e-2,-9.4573201252e0,-7.5300309004e1,4.3887500000e-3,-3.8510777476e1,-2.9226418792e2,1.1162500000e-3,-8.9409239054e1,-7.2628419473e2,4.5750000000e-4
0.485000,-2.1586508915e0,-1.7334614939e1,1.9671250000e-2,-9.4321484344e0,-7.3756519053e1,4.5262500000e-3,-3.5126880121e1,-2.8626938766e2,1.1800000000e-3,-1.0676657634e2,-7.1138653501e2,3.9625000000e-4
0.490000,-2.0631804538e0,-1.6985961403e1,2.0047500000e-2,-8.9403132040e0,-7.2259745615e1,4.6687500000e-3,-3.5354202210e1,-2.8045716372e2,1.1500000000e-3,-8.9823381461e1,-6.9694259528e2,4.6750000000e-4
0.495000,-2.1106645589e0,-1.6647800123e1,2.0236250000e-2,-8.9212900912e0,-7.0808098652e1,4.7612500000e-3,-3.4787971002e1,-2.7482017667e2,1.1675000000e-3,-8.9161082517e1,-6.8293413632e2,4.5875000000e-4
0.500000,-2.0373925691e0,-1.6319713370e1,2.0698750000e-2,-8.8206132157e0,-6.9399782154e1,4.7787500000e-3,-3.0927855885e1,-2.6935145221e2,1.3375000000e-3,-8.2509742756e1,-6.6934382631e2,4.9500000000e-4
0.505000,-2.0094810863e0,-1.6001303991e1,2.1326250000e-2,-8.2784859460e0,-6.8033088578e1,4.9412500000e-3,-3.2353144333e1,-2.6404435956e2,1.2837500000e-3,-8.0034045310e1,-6.5615518713e2,5.1000000000e-4
0.510000,-1.9898144683e0,-1.5692194208e1,2.1591250000e-2,-8.1962866117e0,-6.6706393672e1,5.0662500000e-3,-2.9971885499e1,-2.5889259139e2,1.3650000000e-3,-7.7833700897e1,-6.4335254446e2,5.3625000000e-4
0.515000,-1.9168603196e0,-1.5392024492e1,2.1986250000e-2,-8.0277584804e0,-6.5418151649e1,5.0787500000e-3,-3.2206014720e1,-2.5389014508e2,1.3312500000e-3,-8.8914274676e1,-6.3092098117e2,4.6000000000e-4
0.520000,-1.8775537176e0,-1.5100452519e1,2.2671250000e-2,-7.8962227282e0,-6.4166890678e1,5.2375000000e-3,-3.1668965145e1,-2.4903130516e2,1.3512500000e-3,-7.7889230706e1,-6.1884629379e2,5.2375000000e-4
0.525000,-1.8241954097e0,-1.4817152188e1,2.3110000000e-2,-7.7823608610e0,-6.2951208678e1,5.3837500000e-3,-2.9447846325e1,-2.4431062706e2,1.4412500000e-3,-7.5495273408e1,-6.0711495202e2,5.4000000000e-4
0.530000,-1.7652201120e0,-1.4541812709e1,2.3495000000e-2,-7.8668085179e0,-6.1769769394e1,5.3937500000e-3,-3.0184933348e1,-2.3972292178e2,1.4100000000e-3,-7.9398897524e1,-5.9571406072e2,5.3750000000e-4
0.535000,-1.8217278008e0,-1.4274137749e1,2.3692500000e-2,-7.6804262936e0,-6.0621298716e1,5.7675000000e-3,-2.9298350983e1,-2.3526324170e2,1.4050000000e-3,-6.8950527747e1,-5.8463132451e2,6.1375000000e-4
0.540000,-1.7045706167e0,-1.4013844631e1,2.4815000000e-2,-7.3800225049e0,-5.9504581250e1,5.6150000000e-3,-2.7167434273e1,-2.3092686715e2,1.5375000000e-3,-6.9712484741e1,-5.7385501460e2,5.8375000000e-4
0.545000,-1.9457357506e0,-1.3760663585e1,2.4530000000e-2,-7.3888585514e0,-5.8418457095e1,5.7375000000e-3,-2.8035496541e1,-2.2670929398e2,1.4950000000e-3,-6.8620996544e1,-5.6337393772e2,6.0500000000e-4
0.550000,-1.5814494221e0,-1.3514337052e1,2.5107500000e-2,-7.5819187747e0,-5.7361818831e1,5.7025000000e-3,-2.7614346535e1,-2.2260622184e2,1.4937500000e-3,-6.8510362820e1,-5.5317740708e2,5.9375000000e-4
0.555000,-1.7125735633e0,-1.3274619021e1,2.5780000000e-2,-6.7282777407e0,-5.6333608697e1,5.9987500000e-3,-2.8109275458e1,-2.1861354320e2,1.4700000000e-3,-6.3157201633e1,-5.4325521510e2,6.5500000000e-4
0.560000,-1.6032205645e0,-1.3041274416e1,2.6103750000e-2,-6.9298389522e0,-5.5332815944e1,6.1800000000e-3,-2.6485451162e1,-2.1472733310e2,1.6037500000e-3,-6.2322531129e1,-5.3359760783e2,6.7500000000e-4
0.565000,-1.5351402175e0,-1.2814078520e1,2.6362500000e-2,-6.4800616236e0,-5.4358474344e1,6.2575000000e-3,-2.6523080963e1,-2.1094383947e2,1.5600000000e-3,-6.4736077526e1,-5.2419526101e2,6.2750000000e-4
0.570000,-1.5271466736e0,-1.2592816426e1,2.7115000000e-2,-7.0750342224e0,-5.3409659862e1,6.2387500000e-3,-2.5224980050e1,-2.0725947406e2,1.6425000000e-3,-6.4341625871e1,-5.1503925753e2,6.3125000000e-4
0.575000,-1.4255360386e0,-1.2377282534e1,2.7752500000e-2,-6.5814377921e0,-5.2485488465e1,6.3062500000e-3,-2.5587980725e1,-2.0367080399e2,1.5887500000e-3,-6.2287166277e1,-5.0612106630e2,6.6375000000e-4
0.580000,-1.5320528186e0,-1.2167280070e1,2.7957500000e-2,-6.7375295647e0,-5.1585114056e1,6.4425000000e-3,-2.4706985868e1,-2.0017454366e2,1.6837500000e-3,-6.3793284921e1,-4.9743252234e2,6.4875000000e-4
0.585000,-1.5609139556e0,-1.1962620632e1,2.8336250000e-2,-6.3505220756e0,-5.0707726545e1,6.5912500000e-3,-2.6458959970e1,-1.9676754733e2,1.5950000000e-3,-5.7541851768e1,-4.8896580811e2,7.0375000000e-4
0.590000,-1.4977956754e0,-1.1763123770e1,2.9125000000e-2,-6.1328733048e0,-4.9852550019e1,6.7775000000e-3,-2.3121585817e1,-1.9344680193e2,1.7637500000e-3,-6.0008054436e1,-4.8071343591e2,7.2125000000e-4
0.595000,-1.4823629208e0,-1.1568616584e1,2.9738750000e-2,-6.0029875940e0,-4.9018841030e1,6.8250000000e-3,-2.2924485844e1,-1.9020942051e2,1.8200000000e-3,-6.0350164093e1,-4.7266823133e2,7.1750000000e-4
0.600000,-1.5013370977e0,-1.1378933350e1,3.0108750000e-2,-5.9216718986e0,-4.8205886977e1,6.9687500000e-3,-2.2619298769e1,-1.8705263587e2,1.7875000000e-3,-5.7311378781e1,-4.6482331764e2,7.1875000000e-4
0.605000,-1.2679425740e0,-1.1193915166e1,3.0916250000e-2,-5.8468019821e0,-4.7413004582e1,6.9987500000e-3,-2.3783696830e1,-1.8397379470e2,1.7725000000e-3,-5.5138715795e1,-4.5717210108e2,7.5750000000e-4
0.610000,-1.2714799681e0,-1.1013409616e1,3.1125000000e-2,-5.8405536203e0,-4.6639538458e1,7.0825000000e-3,-2.2174259840e1,-1.8097035197e2,1.8737500000e-3,-5.4375956480e1,-4.4970825704e2,7.6750000000e-4
0.615000,-1.3855563264e0,-1.0837270455e1,3.1532500000e-2,-5.9037752295e0,-4.5884859747e1,7.2025000000e-3,-2.2331608859e1,-1.7803986569e2,1.8725000000e-3,-5.5102881640e1,-4.4242571692e2,7.4625000000e-4
0.620000,-1.2629264909e0,-1.0665357314e1,3.2146250000e-2,-5.4579921496e0,-4.5148364850e1,7.3487500000e-3,-2.2195718961e1,-1.7517999196e2,1.9125000000e-3,-5.5527925144e1,-4.3531865587e2,7.5250000000e-4
0.625000,-1.3178263019e0,-1.0497535417e1,3.2463750000e-2,-5.3000743915e0,-4.4429474211e1,7.4937500000e-3,-2.0489846340e1,-1.7238848022e2,1.9862500000e-3,-5.2432447993e1,-4.2838148108e2,7.8250000000e-4
0.630000,-1.2946829384e0,-1.0333675315e1,3.2965000000e-2,-5.6328961842e0,-4.3727631183e1,7.5787500000e-3,-1.9977882407e1,-1.6966316889e2,2.0200000000e-3,-4.8939134265e1,-4.2160882080e2,8.4750000000e-4
0.635000,-1.2717042516e0,-1.0173652637e1,3.3911250000e-2,-5.2726322089e0,-4.3042300947e1,7.8012500000e-3,-2.1815495065e1,-1.6700198116e2,1.9700000000e-3,-5.0980666988e1,-4.1499551391e2,8.0375000000e-4
0.640000,-1.2115985458e0,-1.0017347855e1,3.4681250000e-2,-5.4651789101e0,-4.2372969493e1,7.7775000000e-3,-1.9104320926e1,-1.6440292100e2,2.0787500000e-3,-5.1353748630e1,-4.0853660012e2,8.2125000000e-4
0.645000,-1.2381635366e0,-9.8646460539e0,3.4528750000e-2,-5.2052513559e0,-4.1719142658e1,7.9900000000e-3,-1.9857773366e1,-1.6186406946e2,2.0737500000e-3,-4.9099372538e1,-4.0222731067e2,8.5625000000e-4
0.650000,-1.1546507400e0,-9.7154367238e0,3.5811250000e-2,-5.1077354951e0,-4.1080345208e1,8.1575000000e-3,-1.8915246777e1,-1.5938358112e2,2.1525000000e-3,-4.8449081235e1,-3.9606305947e2,8.4375000000e-4
0.655000,-1.1604141657e0,-9.5696135580e0,3.5828750000e-2,-5.2234269551e0,-4.0456119983e1,8.0637500000e-3,-1.9864026618e1,-1.5695968071e2,2.1412500000e-3,-5.0197088968e1,-3.9003943483e2,8.2750000000e-4
0.660000,-1.1899395141e0,-9.4270742624e0,3.6311250000e-2,-4.9333672454e0,-3.9846027072e1,8.3262500000e-3,-1.8913494194e1,-1.5459065996e2,2.1200000000e-3,-4.5640013814e1,-3.8415219152e2,9.0500000000e-4
0.665000,-1.1559642788e0,-9.2877203752e0,3.6931250000e-2,-4.9981493118e0,-3.9249643037e1,8.3875000000e-3,-1.8830001821e1,-1.5227487457e2,2.2225000000e-3,-4.4859168333e1,-3.7839724329e2,9.3125000000e-4
0.670000,-1.1707762783e0,-9.1514570962e0,3.7681250000e-2,-4.8927599129e0,-3.8666560185e1,8.5362500000e-3,-1.9500207716e1,-1.5001074137e2,2.1750000000e-3,-4.6191763843e1,-3.7277065582e2,9.0625000000e-4
0.675000,-1.1287372585e0,-9.0181931242e0,3.7982500000e-2,-4.9115874406e0,-3.8096385864e1,8.6175000000e-3,-1.8606135729e1,-1.4779673561e2,2.2150000000e-3,-4.5617023896e1,-3.6726863995e2,8.8125000000e-4
0.680000,-1.1283163010e0,-8.8878405037e0,3.9212500000e-2,-4.7679017158e0,-3.7538741806e1,8.9350000000e-3,-1.7844572688e1,-1.4563138838e2,2.2750000000e-3,-4.2073377644e1,-3.6188754531e2,9.6500000000e-4
0.685000,-1.0622906876e0,-8.7603144788e0,3.8972500000e-2,-4.6768576527e0,-3.6993263495e1,9.0287500000e-3,-1.7570180942e1,-1.4351328420e2,2.3162500000e-3,-4.6389214768e1,-3.5662385427e2,8.9125000000e-4
0.690000,-1.0433580129e0,-8.6355333544e0,3.9805000000e-2,-4.5876249520e0,-3.6459599578e1,9.2837500000e-3,-1.8013143249e1,-1.4144105868e2,2.2775000000e-3,-4.6454585422e1,-3.5147417619e2,9.1250000000e-4
0.695000,-9.8853261830e-1,-8.5134183647e0,4.0723750000e-2,-4.5517228859e0,-3.5937411292e1,9.3625000000e-3,-1.6264088195e1,-1.3941339632e2,2.4962500000e-3,-3.9009466570e1,-3.4643524195e2,1.0487500000e-3
0.700000,-1.0399471860e0,-8.3938935480e0,4.1010000000e-2,-4.4674402118e0,-3.5426371930e1,9.5787500000e-3,-1.6879610688e1,-1.3742902845e2,2.4587500000e-3,-4.1493597570e1,-3.4150389876e2,1.0012500000e-3
0.705000,-1.0620437956e0,-8.2768856280e0,4.1578750000e-2,-4.3440126222e0,-3.4926166331e1,9.5475000000e-3,-1.7075152843e1,-1.3548673122e2,2.4350000000e-3,-4.1661523025e1,-3.3667710525e2,9.9750000000e-4
0.710000,-1.0287661919e0,-8.1623239007e0,4.2540000000e-2,-4.2776463708e0,-3.4436490390e1,9.6287500000e-3,-1.6020275649e1,-1.3358532373e2,2.5075000000e-3,-3.9692534800e1,-3.3195192676e2,1.0075000000e-3
0.715000,-9.7621958865e-1,-8.0501401264e0,4.3193750000e-2,-4.3082205561e0,-3.3957050597e1,9.7137500000e-3,-1.5730656874e1,-1.3172366622e2,2.5362500000e-3,-4.0499946987e1,-3.2732553085e2,1.0125000000e-3
0.720000,-1.0110933018e0,-7.9402684282e0,4.3353750000e-2,-4.0982395988e0,-3.3487563600e1,1.0130000000e-2,-1.5840795262e1,-1.2990065836e2,2.5937500000e-3,-3.9969702589e1,-3.2279518313e2,1.0587500000e-3
0.725000,-9.7010806687e-1,-7.8326451940e0,4.4206250000e-2,-4.0795477943e0,-3.3027755784e1,1.0181250000e-2,-1.5107029852e1,-1.2811523764e2,2.6787500000e-3,-4.1174362000e1,-3.1835824315e2,9.8500000000e-4
0.730000,-9.3544950335e-1,-7.7272089837e0,4.4920000000e-2,-4.3020629723e0,-3.2577362870e1,1.0157500000e-2,-1.5669153348e1,-1.2636637781e2,2.7025000000e-3,-3.9985045998e1,-3.1401216058e2,1.0475000000e-3
0.735000,-9.9233763702e-1,-7.6239004412e0,4.5117500000e-2,-4.0137794845e0,-3.2136129538e1,1.0155000000e-2,-1.4903698975e1,-1.2465308741e2,2.7400000000e-3,-3.7759962370e1,-3.0975447152e2,1.0812500000e-3
0.740000,-9.2299653892e-1,-7.5226622099e0,4.6261250000e-2,-4.1138041578e0,-3.1703809067e1,1.0435000000e-2,-1.5691552292e1,-1.2297440836e2,2.7275000000e-3,-4.0282550332e1,-3.0558279507e2,1.0512500000e-3
0.745000,-9.0479876444e-1,-7.4234388527e0,4.6800000000e-2,-3.8915816600e0,-3.1280162984e1,1.0621250000e-2,-1.5476169324e1,-1.2132941461e2,2.7312500000e-3,-3.8491802981e1,-3.0149482992e2,1.0500000000e-3
0.750000,-8.6778961052e-1,-7.3261767754e0,4.7391250000e-2,-3.8556507149e0,-3.0864960740e1,1.0706250000e-2,-1.4600166003e1,-1.1971721090e2,2.7875000000e-3,-3.4668881115e1,-2.9748835122e2,1.1712500000e-3
0.755000,-8.6126391689e-1,-7.2308241534e0,4.7920000000e-2,-3.7996241540e0,-3.0457979396e1,1.0950000000e-2,-1.4887443244e1,-1.1813693149e2,2.7425000000e-3,-4.0005313655e1,-2.9356120756e2,1.0787500000e-3
0.760000,-8.5300592778e-1,-7.1373308627e0,4.8285000000e-2,-3.9178834826e0,-3.0059003319e1,1.1002500000e-2,-1.4917869383e1,-1.1658773905e2,2.8600000000e-3,-3.7624944504e1,-2.8971131807e2,1.1187500000e-3
0.765000,-8.4896574176e-1,-7.0456484129e0,4.9556250000e-2,-3.6979669089e0,-2.9667823904e1,1.1310000000e-2,-1.3632296203e1,-1.1506882349e2,2.9412500000e-3,-3.3832964614e1,-2.8593666963e2,1.2325000000e-3
0.770000,-8.9924415598e-1,-6.9557298839e0,4.9692500000e-2,-3.7913237653e0,-2.9284239293e1,1.1281250000e-2,-1.3528462654e1,-1.1357940098e2,2.9287500000e-3,-3.3988759781e1,-2.8223531429e2,1.2162500000e-3
0.775000,-8.3941860370e-1,-6.8675298655e0,5.0687500000e-2,-3.5553215001e0,-2.8908054121e1,1.1460000000e-2,-1.3855173202e1,-1.1211871285e2,3.0087500000e-3,-3.3334863921e1,-2.7860536673e2,1.2150000000e-3
0.780000,-8.0075439586e-1,-6.7810043993e0,5.1351250000e-2,-3.6440720234e0,-2.8539079262e1,1.1716250000e-2,-1.2958278910e1,-1.1068602469e2,3.0987500000e-3,-3.3875022191e1,-2.7504500187e2,1.2200000000e-3
0.785000,-8.6460849818e-1,-6.6961109234e0,5.1937500000e-2,-3.6149058325e0,-2.8177131598e1,1.1856250000e-2,-1.3711596639e1,-1.0928062541e2,3.0250000000e-3,-3.3908380148e1,-2.7155245255e2,1.2075000000e-3
0.790000,-8.6510259387e-1,-6.6128082198e0,5.2253750000e-2,-3.5895755440e0,-2.7822033783e1,1.2123750000e-2,-1.3165928873e1,-1.0790182634e2,3.1075000000e-3,-3.3795043321e1,-2.6812600738e2,1.2112500000e-3
0.795000,-7.8481513790e-1,-6.5310563633e0,5.3571250000e-2,-3.5015825612e0,-2.7473614034e1,1.2048750000e-2,-1.3360360505e1,-1.0654896040e2,3.1800000000e-3,-3.1737466045e1,-2.6476400859e2,1.2837500000e-3
0.800000,-8.1223967497e-1,-6.4508166740e0,5.3821250000e-2,-3.4276770489e0,-2.7131705917e1,1.2092500000e-2,-1.3143569110e1,-1.0522138130e2,3.1862500000e-3,-3.1567271175e1,-2.6146485006e2,1.3237500000e-3
