lambda,n_qmc_eta10,n_err_eta10,n_ed_eta10,ntilde_qmc_eta10,ntilde_ed_eta10,n_qmc_eta50,n_err_eta50,n_ed_eta50,ntilde_qmc_eta50,ntilde_ed_eta50,n_qmc_eta200,n_err_eta200,n_ed_eta200,ntilde_qmc_eta200,ntilde_ed_eta200,n_qmc_eta500,n_err_eta500,n_ed_eta500,ntilde_qmc_eta500,ntilde_ed_eta500
0.200000,3.2468750000e-3,7.1124202784e-5,3.3102493917e-3,3.2468750000e-2,3.3102493917e-2,8.1406250000e-4,3.5548402697e-5,7.6897900934e-4,4.0703125000e-2,3.8448950467e-2,2.1718750000e-4,1.8537762840e-5,1.9801459384e-4,4.3437500000e-2,3.9602918769e-2,7.6562500000e-5,1.0934149878e-5,7.9680552169e-5,3.8281250000e-2,3.9840276085e-2
0.220000,4.0562500000e-3,7.9422964716e-5,4.0065342907e-3,4.0562500000e-2,4.0065342907e-2,9.3281250000e-4,3.8034757680e-5,9.3047666030e-4,4.6640625000e-2,4.6523833015e-2,2.1718750000e-4,1.8405592591e-5,2.3959785795e-4,4.3437500000e-2,4.7919571591e-2,9.0625000000e-5,1.1895331074e-5,9.6413481033e-5,4.5312500000e-2,4.8206740517e-2
0.240000,4.8171875000e-3,8.6774178337e-5,4.7695815416e-3,4.8171875000e-2,4.7695815416e-2,1.1281250000e-3,4.1911246847e-5,1.1073598376e-3,5.6406250000e-2,5.5367991882e-2,2.7187500000e-4,2.0588364124e-5,2.8514151233e-4,5.4375000000e-2,5.7028302465e-2,1.1718750000e-4,1.3525302487e-5,1.1474002731e-4,5.8593750000e-2,5.7370013655e-2
0.260000,5.6625000000e-3,9.4293124667e-5,5.5995128585e-3,5.6625000000e-2,5.5995128585e-2,1.2921875000e-3,4.4810007108e-5,1.2996298469e-3,6.4609375000e-2,6.4981492347e-2,3.3593750000e-4,2.2879940312e-5,3.3464557860e-4,6.7187500000e-2,6.6929115720e-2,1.1250000000e-4,1.3252284591e-5,1.3466019240e-4,5.6250000000e-2,6.7330096200e-2
0.280000,6.4421875000e-3,1.0007944705e-4,6.4964601580e-3,6.4421875000e-2,6.4964601580e-2,1.4640625000e-3,4.7803956230e-5,1.5072881061e-3,7.3203125000e-2,7.5364405307e-2,3.2968750000e-4,2.2666672576e-5,3.8811008029e-4,6.5937500000e-2,7.7622016059e-2,1.7187500000e-4,1.6376367876e-5,1.5617397783e-4,8.5937500000e-2,7.8086988915e-2
0.300000,7.4656250000e-3,1.0850810415e-4,7.4605654629e-3,7.4656250000e-2,7.4605654629e-2,1.6812500000e-3,5.1147186315e-5,1.7303361451e-3,8.4062500000e-2,8.6516807256e-2,4.4687500000e-4,2.6376997018e-5,4.4553504279e-4,8.9375000000e-2,8.9107008559e-2,2.1093750000e-4,1.8139285016e-5,1.7928138524e-4,1.0546875000e-1,8.9640692621e-2
0.320000,8.5171875000e-3,1.1504905636e-4,8.4919808003e-3,8.5171875000e-2,8.4919808003e-2,1.9984375000e-3,5.5957398423e-5,1.9687756054e-3,9.9921875000e-2,9.8438780271e-2,5.3906250000e-4,2.9127623084e-5,5.0692049337e-4,1.0781250000e-1,1.0138409867e-1,2.0937500000e-4,1.8072090744e-5,2.0398241640e-4,1.0468750000e-1,1.0199120820e-1
0.340000,9.6750000000e-3,1.2313788004e-4,9.5908680900e-3,9.6750000000e-2,9.5908680900e-2,2.1031250000e-3,5.7353616956e-5,2.2226082399e-3,1.0515625000e-1,1.1113041200e-1,5.5468750000e-4,2.9374363669e-5,5.7226646116e-4,1.1093750000e-1,1.1445329223e-1,2.2031250000e-4,1.8537301888e-5,2.3027707320e-4,1.1015625000e-1,1.1513853660e-1
0.360000,1.0821875000e-2,1.3011395950e-4,1.0757399027e-2,1.0821875000e-1,1.0757399027e-1,2.4515625000e-3,6.1836872476e-5,2.4918359123e-3,1.2257812500e-1,1.2459179562e-1,6.3437500000e-4,3.1403511619e-5,6.4157297716e-4,1.2687500000e-1,1.2831459543e-1,2.1093750000e-4,1.8139285016e-5,2.5816535765e-4,1.0546875000e-1,1.2908267882e-1
0.380000,1.1887500000e-2,1.3621988629e-4,1.1991754955e-2,1.1887500000e-1,1.1991754955e-1,2.7687500000e-3,6.5787562791e-5,2.7764605969e-3,1.3843750000e-1,1.3882302985e-1,7.2031250000e-4,3.3451497052e-5,7.1484007426e-4,1.4406250000e-1,1.4296801485e-1,2.7187500000e-4,2.0588364124e-5,2.8764727187e-4,1.3593750000e-1,1.4382363594e-1
0.400000,1.3337500000e-2,1.4433651408e-4,1.3294126735e-2,1.3337500000e-1,1.3294126735e-1,3.0609375000e-3,6.8839235190e-5,3.0764843781e-3,1.5304687500e-1,1.5382421890e-1,8.0156250000e-4,3.5345338281e-5,7.9206778718e-4,1.6031250000e-1,1.5841355744e-1,3.3437500000e-4,2.2826812184e-5,3.1872281813e-4,1.6718750000e-1,1.5936140907e-1
0.420000,1.4731250000e-2,1.5212452335e-4,1.4664714599e-2,1.4731250000e-1,1.4664714599e-1,3.3828125000e-3,7.2860259409e-5,3.3919094497e-3,1.6914062500e-1,1.6959547249e-1,9.1718750000e-4,3.7846475164e-5,8.7325615255e-4,1.8343750000e-1,1.7465123051e-1,3.2500000000e-4,2.2613602101e-5,3.5139199879e-4,1.6250000000e-1,1.7569599940e-1
0.440000,1.6154687500e-2,1.5859808713e-4,1.6103728010e-2,1.6154687500e-1,1.6103728010e-1,3.8343750000e-3,7.7319654548e-5,3.7227381150e-3,1.9171875000e-1,1.8613690575e-1,9.9218750000e-4,3.9279388117e-5,9.5840520882e-4,1.9843750000e-1,1.9168104176e-1,3.6875000000e-4,2.3968149031e-5,3.8565481636e-4,1.8437500000e-1,1.9282740818e-1
0.460000,1.7590625000e-2,1.6618212570e-4,1.7611385499e-2,1.7590625000e-1,1.7611385499e-1,4.0625000000e-3,7.9725787371e-5,4.0689727857e-3,2.0312500000e-1,2.0344863928e-1,1.0015625000e-3,3.9709147255e-5,1.0475149963e-3,2.0031250000e-1,2.0950299927e-1,4.0625000000e-4,2.5153580992e-5,4.2151127344e-4,2.0312500000e-1,2.1075563672e-1
0.480000,1.9242187500e-2,1.7293183385e-4,1.9187914503e-2,1.9242187500e-1,1.9187914503e-1,4.4234375000e-3,8.3074732033e-5,4.4306159817e-3,2.2117187500e-1,2.2153079908e-1,1.1187500000e-3,4.1797730716e-5,1.1405855573e-3,2.2375000000e-1,2.2811711145e-1,4.9218750000e-4,2.7765044112e-5,4.5896137278e-4,2.4609375000e-1,2.2948068639e-1
0.500000,2.0925000000e-2,1.8121079317e-4,2.0833551197e-2,2.0925000000e-1,2.0833551197e-1,4.5609375000e-3,8.4728613572e-5,4.8076703305e-3,2.2804687500e-1,2.4038351652e-1,1.1890625000e-3,4.3238104270e-5,1.2376169356e-3,2.3781250000e-1,2.4752338713e-1,4.6406250000e-4,2.6968287741e-5,4.9800511724e-4,2.3203125000e-1,2.4900255862e-1
0.520000,2.1971875000e-2,1.8528807247e-4,2.2548540313e-2,2.1971875000e-1,2.2548540313e-1,5.2218750000e-3,9.0468452477e-5,5.2001385665e-3,2.6109375000e-1,2.6000692832e-1,1.3734375000e-3,4.6491713903e-5,1.3386091774e-3,2.7468750000e-1,2.6772183548e-1,4.9843750000e-4,2.7851446901e-5,5.3864250979e-4,2.4921875000e-1,2.6932125489e-1
0.540000,2.4193750000e-2,1.9410924231e-4,2.4333134954e-2,2.4193750000e-1,2.4333134954e-1,5.7546875000e-3,9.5215676839e-5,5.6080235306e-3,2.8773437500e-1,2.8040117653e-1,1.4531250000e-3,4.7782587406e-5,1.4435623302e-3,2.9062500000e-1,2.8871246604e-1,6.0937500000e-4,3.0781597000e-5,5.8087355354e-4,3.0468750000e-1,2.9043677677e-1
0.560000,2.6159375000e-2,2.0258532846e-4,2.6187596402e-2,2.6159375000e-1,2.6187596402e-1,6.0906250000e-3,9.7703987707e-5,6.0313281696e-3,3.0453125000e-1,3.0156640848e-1,1.4671875000e-3,4.7904794690e-5,1.5524764437e-3,2.9343750000e-1,3.1049528874e-1,5.9218750000e-4,3.0506966718e-5,6.2469825171e-4,2.9609375000e-1,3.1234912585e-1
0.580000,2.8275000000e-2,2.1056497661e-4,2.8112193920e-2,2.8275000000e-1,2.8112193920e-1,6.5812500000e-3,1.0150525069e-4,6.4700555353e-3,3.2906250000e-1,3.2350277677e-1,1.6312500000e-3,5.0495005748e-5,1.6653515694e-3,3.2625000000e-1,3.3307031387e-1,6.4687500000e-4,3.1709802848e-5,6.7011660764e-4,3.2343750000e-1,3.3505830382e-1
0.600000,3.0360937500e-2,2.1774015223e-4,3.0107204540e-2,3.0360937500e-1,3.0107204540e-1,6.8984375000e-3,1.0342460252e-4,6.9242087840e-3,3.4492187500e-1,3.4621043920e-1,1.8171875000e-3,5.3310633565e-5,1.7821877604e-3,3.6343750000e-1,3.5643755208e-1,7.0312500000e-4,3.3052276819e-5,7.1712862480e-4,3.5156250000e-1,3.5856431240e-1
0.620000,3.2179687500e-2,2.2517937017e-4,3.2172912851e-2,3.2179687500e-1,3.2172912851e-1,7.3859375000e-3,1.0743472523e-4,7.3937911758e-3,3.6929687500e-1,3.6968955879e-1,1.9140625000e-3,5.4715220374e-5,1.9029850719e-3,3.8281250000e-1,3.8059701438e-1,7.6562500000e-4,3.4481325264e-5,7.6573430677e-4,3.8281250000e-1,3.8286715339e-1
0.640000,3.4087500000e-2,2.3153897063e-4,3.4309610776e-2,3.4087500000e-1,3.4309610776e-1,7.8093750000e-3,1.1072547906e-4,7.8788060740e-3,3.9046875000e-1,3.9394030370e-1,2.0937500000e-3,5.7059175526e-5,2.0277435609e-3,4.1875000000e-1,4.0554871218e-1,8.3125000000e-4,3.5919227692e-5,8.1593365726e-4,4.1562500000e-1,4.0796682863e-1
0.660000,3.6464062500e-2,2.3902320647e-4,3.6517597346e-2,3.6464062500e-1,3.6517597346e-1,8.4000000000e-3,1.1499758829e-4,8.3792569442e-3,4.2000000000e-1,4.1896284721e-1,2.2046875000e-3,5.8590905921e-5,2.1564632861e-3,4.4093750000e-1,4.3129265722e-1,8.8437500000e-4,3.7304030590e-5,8.6772668010e-4,4.4218750000e-1,4.3386334005e-1
0.680000,3.8773437500e-2,2.4797863081e-4,3.8797178460e-2,3.8773437500e-1,3.8797178460e-1,8.8687500000e-3,1.1791739155e-4,8.8951473536e-3,4.4343750000e-1,4.4475736768e-1,2.2953125000e-3,6.0111092781e-5,2.2891443081e-3,4.5906250000e-1,4.5782886163e-1,9.6875000000e-4,3.8943412222e-5,9.2111337922e-4,4.8437500000e-1,4.6055668961e-1
0.700000,4.1267187500e-2,2.5615346165e-4,4.1148666647e-2,4.1267187500e-1,4.1148666647e-1,9.4921875000e-3,1.2213193757e-4,9.4264809703e-3,4.7460937500e-1,4.7132404852e-1,2.3859375000e-3,6.0994632422e-5,2.4257866895e-3,4.7718750000e-1,4.8515733789e-1,9.8750000000e-4,3.9311928652e-5,9.7609375870e-4,4.9375000000e-1,4.8804687935e-1
0.720000,4.3951562500e-2,2.6216725557e-4,4.3572380814e-2,4.3951562500e-1,4.3572380814e-1,9.9281250000e-3,1.2458263869e-4,9.9732615625e-3,4.9640625000e-1,4.9866307812e-1,2.6109375000e-3,6.4121485564e-5,2.5663904943e-3,5.2218750000e-1,5.1327809886e-1,9.7968750000e-4,3.8971327586e-5,1.0326678227e-3,4.8984375000e-1,5.1633391136e-1
0.740000,4.6082812500e-2,2.6810440666e-4,4.6068645991e-2,4.6082812500e-1,4.6068645991e-1,1.0737500000e-2,1.2935476140e-4,1.0535492997e-2,5.3687500000e-1,5.2677464987e-1,2.7734375000e-3,6.6247368526e-5,2.7109557887e-3,5.5468750000e-1,5.4219115775e-1,1.1343750000e-3,4.2199406595e-5,1.0908355756e-3,5.6718750000e-1,5.4541778780e-1
0.760000,4.8215625000e-2,2.7433912934e-4,4.8637793068e-2,4.8215625000e-1,4.8637793068e-1,1.1151562500e-2,1.3225333012e-4,1.1113179241e-2,5.5757812500e-1,5.5565896205e-1,2.9093750000e-3,6.7435261743e-5,2.8594826406e-3,5.8187500000e-1,5.7189652813e-1,1.1687500000e-3,4.2762465060e-5,1.1505970218e-3,5.8437500000e-1,5.7529851088e-1
0.780000,5.2165625000e-2,2.8687596826e-4,5.1280158530e-2,5.2165625000e-1,5.1280158530e-1,1.1573437500e-2,1.3447674552e-4,1.1706324356e-2,5.7867187500e-1,5.8531621781e-1,2.9718750000e-3,6.8121773684e-5,3.0119711197e-3,5.9437500000e-1,6.0239422394e-1,1.1406250000e-3,4.2485600444e-5,1.2119521657e-3,5.7031250000e-1,6.0597608287e-1
0.800000,5.3703125000e-2,2.9130376360e-4,5.3996084177e-2,5.3703125000e-1,5.3996084177e-1,1.2443750000e-2,1.3958979910e-4,1.2314932503e-2,6.2218750000e-1,6.1574662516e-1,3.0562500000e-3,6.8788621964e-5,3.1684212974e-3,6.1125000000e-1,6.3368425949e-1,1.2875000000e-3,4.4784444670e-5,1.2749010122e-3,6.4375000000e-1,6.3745050610e-1
0.820000,5.7142187500e-2,3.0019941487e-4,5.6785916847e-2,5.7142187500e-1,5.6785916847e-1,1.2764062500e-2,1.4151491843e-4,1.2939007938e-2,6.3820312500e-1,6.4695039689e-1,3.2125000000e-3,7.0523308979e-5,3.3288332471e-3,6.4250000000e-1,6.6576664943e-1,1.3546875000e-3,4.6023619517e-5,1.3394435660e-3,6.7734375000e-1,6.6972178298e-1
0.840000,5.9596875000e-2,3.0601413091e-4,5.9650008128e-2,5.9596875000e-1,5.9650008128e-1,1.3623437500e-2,1.4589716041e-4,1.3578555010e-2,6.8117187500e-1,6.7892775052e-1,3.6500000000e-3,7.5966892460e-5,3.4932070439e-3,7.3000000000e-1,6.9864140878e-1,1.4640625000e-3,4.7803956230e-5,1.4055798319e-3,7.3203125000e-1,7.0278991595e-1
0.860000,6.2425000000e-2,3.1492795555e-4,6.2588714065e-2,6.2425000000e-1,6.2588714065e-1,1.4476562500e-2,1.5003252567e-4,1.4233578165e-2,7.2382812500e-1,7.1167890827e-1,3.5625000000e-3,7.4526827699e-5,3.6615427646e-3,7.1250000000e-1,7.3230855292e-1,1.5250000000e-3,4.8766343414e-5,1.4733098151e-3,7.6250000000e-1,7.3665490753e-1
0.880000,6.5709375000e-2,3.2278868934e-4,6.5602394864e-2,6.5709375000e-1,6.5602394864e-1,1.5042187500e-2,1.5282584687e-4,1.4904081940e-2,7.5210937500e-1,7.4520409700e-1,3.6578125000e-3,7.5720763353e-5,3.8338404879e-3,7.3156250000e-1,7.6676809758e-1,1.6437500000e-3,5.0586554654e-5,1.5426335206e-3,8.2187500000e-1,7.7131676028e-1
0.900000,6.8809375000e-2,3.2942518426e-4,6.8691414588e-2,6.8809375000e-1,6.8691414588e-1,1.5457812500e-2,1.5535373327e-4,1.5590070964e-2,7.7289062500e-1,7.7950354819e-1,3.9500000000e-3,7.8251697266e-5,4.0101002943e-3,7.9000000000e-1,8.0202005886e-1,1.5687500000e-3,4.9445158817e-5,1.6135509537e-3,7.8437500000e-1,8.0677547685e-1
0.920000,7.2139062500e-2,3.3800704457e-4,7.1856140847e-2,7.2139062500e-1,7.1856140847e-1,1.6320312500e-2,1.6014881604e-4,1.6291549957e-2,8.1601562500e-1,8.1457749785e-1,4.2125000000e-3,8.1146941852e-5,4.1903222660e-3,8.4250000000e-1,8.3806445320e-1,1.6968750000e-3,5.1757622052e-5,1.6860621198e-3,8.4843750000e-1,8.4303105991e-1
0.940000,7.4828125000e-2,3.4292460831e-4,7.5096944488e-2,7.4828125000e-1,7.5096944488e-1,1.6925000000e-2,1.6207386433e-4,1.7008523730e-2,8.4625000000e-1,8.5042618649e-1,4.4296875000e-3,8.3597907132e-5,4.3745064870e-3,8.8593750000e-1,8.7490129740e-1,1.7984375000e-3,5.3089142023e-5,1.7601670245e-3,8.9921875000e-1,8.8008351224e-1
0.960000,7.7981250000e-2,3.5037261903e-4,7.8414199274e-2,7.7981250000e-1,7.8414199274e-1,1.7606250000e-2,1.6574952718e-4,1.7740997181e-2,8.8031250000e-1,8.8704985906e-1,4.6906250000e-3,8.5600902603e-5,4.5626530431e-3,9.3812500000e-1,9.1253060863e-1,1.7796875000e-3,5.2681593667e-5,1.8358656733e-3,8.8984375000e-1,9.1793283663e-1
0.980000,8.1818750000e-2,3.5984732480e-4,8.1808281564e-2,8.1818750000e-1,8.1808281564e-1,1.8129687500e-2,1.6843235358e-4,1.8488975298e-2,9.0648437500e-1,9.2444876490e-1,4.6656250000e-3,8.5560929924e-5,4.7547620219e-3,9.3312500000e-1,9.5095240438e-1,1.8203125000e-3,5.3217628060e-5,1.9131580719e-3,9.1015625000e-1,9.5657903595e-1
1.000000,8.4982812500e-2,3.6710424085e-4,8.5279569987e-2,8.4982812500e-1,8.5279569987e-1,1.9137500000e-2,1.7256135118e-4,1.9252463154e-2,9.5687500000e-1,9.6262315770e-1,4.8609375000e-3,8.6912382182e-5,4.9508335126e-3,9.7218750000e-1,9.9016670253e-1,1.9703125000e-3,5.5487969547e-5,1.9920442263e-3,9.8515625000e-1,9.9602211314e-1
1.020000,8.9075000000e-2,3.7575477168e-4,8.8828445109e-2,8.9075000000e-1,8.8828445109e-1,2.0070312500e-2,1.7678066366e-4,2.0031465909e-2,1.0035156250e0,1.0015732954e0,5.1500000000e-3,8.9843135867e-5,5.1508676064e-3,1.0300000000e0,1.0301735213e0,2.0750000000e-3,5.6810471636e-5,2.0725241424e-3,1.0375000000e0,1.0362620712e0
1.040000,9.2218750000e-2,3.8216461438e-4,9.2455289101e-2,9.2218750000e-1,9.2455289101e-1,2.0404687500e-2,1.7876312156e-4,2.0825988806e-2,1.0202343750e0,1.0412994403e0,5.5062500000e-3,9.2765242072e-5,5.3548643959e-3,1.1012500000e0,1.0709728792e0,2.1265625000e-3,5.7618890070e-5,2.1545978263e-3,1.0632812500e0,1.0772989131e0
1.060000,9.6246875000e-2,3.9215662213e-4,9.6160485404e-2,9.6246875000e-1,9.6160485404e-1,2.1596875000e-2,1.8375095630e-4,2.1636037172e-2,1.0798437500e0,1.0818018586e0,5.5828125000e-3,9.3403276648e-5,5.5628239758e-3,1.1165625000e0,1.1125647952e0,2.1906250000e-3,5.8659961548e-5,2.2382652842e-3,1.0953125000e0,1.1191326421e0
1.080000,9.9820312500e-2,3.9784218605e-4,9.9944418384e-2,9.9820312500e-1,9.9944418384e-1,2.2612500000e-2,1.8725253983e-4,2.2461616418e-2,1.1306250000e0,1.1230808209e0,5.8687500000e-3,9.5933629299e-5,5.7747464423e-3,1.1737500000e0,1.1549492885e0,2.3640625000e-3,6.0724495263e-5,2.3235265224e-3,1.1820312500e0,1.1617632612e0
1.100000,1.0380312500e-1,4.0608032980e-4,1.0380747299e-1,1.0380312500e0,1.0380747299e0,2.3134375000e-2,1.9136497993e-4,2.3302732034e-2,1.1567187500e0,1.1651366017e0,5.8781250000e-3,9.5595021215e-5,5.9906318935e-3,1.1756250000e0,1.1981263787e0,2.3468750000e-3,6.0752924594e-5,2.4103815475e-3,1.1734375000e0,1.2051907737e0
1.120000,1.0832812500e-1,4.1495154776e-4,1.0775003443e-1,1.0832812500e0,1.0775003443e0,2.4346875000e-2,1.9478689245e-4,2.4159389591e-2,1.2173437500e0,1.2079694795e0,6.0734375000e-3,9.7454671799e-5,6.2104804291e-3,1.2146875000e0,1.2420960858e0,2.3921875000e-3,6.1111540079e-5,2.4988303659e-3,1.1960937500e0,1.2494151830e0
1.140000,1.1189062500e-1,4.2294453186e-4,1.1177248777e-1,1.1189062500e0,1.1177248777e0,2.5267187500e-2,1.9786602312e-4,2.5031594737e-2,1.2633593750e0,1.2515797369e0,6.3890625000e-3,1.0000001205e-4,6.4342921505e-3,1.2778125000e0,1.2868584301e0,2.7156250000e-3,6.4956452322e-5,2.5888729844e-3,1.3578125000e0,1.2944364922e0
1.160000,1.1583281250e-1,4.2848048907e-4,1.1587521764e-1,1.1583281250e0,1.1587521764e0,2.6045312500e-2,2.0132499020e-4,2.5919353200e-2,1.3022656250e0,1.2959676600e0,6.6125000000e-3,1.0162410632e-4,6.6620671610e-3,1.3225000000e0,1.3324134322e0,2.7484375000e-3,6.5631026277e-5,2.6805094097e-3,1.3742187500e0,1.3402547049e0
1.180000,1.1999531250e-1,4.3747421768e-4,1.2005860788e-1,1.1999531250e0,1.2005860788e0,2.7135937500e-2,2.0678695131e-4,2.6822670783e-2,1.3567968750e0,1.3411335392e0,7.0281250000e-3,1.0461868015e-4,6.8938055653e-3,1.4056250000e0,1.3787611131e0,2.7390625000e-3,6.5524241613e-5,2.7737396489e-3,1.3695312500e0,1.3868698244e0
1.200000,1.2428125000e-1,4.4606940881e-4,1.2432304115e-1,1.2428125000e0,1.2432304115e0,2.7787500000e-2,2.0824448053e-4,2.7741553365e-2,1.3893750000e0,1.3870776682e0,7.0296875000e-3,1.0469901391e-4,7.1295074702e-3,1.4059375000e0,1.4259014940e0,2.9109375000e-3,6.7633248607e-5,2.8685637088e-3,1.4554687500e0,1.4342818544e0
1.220000,1.2840156250e-1,4.5028679660e-4,1.2866889861e-1,1.2840156250e0,1.2866889861e0,2.9081250000e-2,2.1341667061e-4,2.8676006896e-2,1.4540625000e0,1.4338003448e0,7.3734375000e-3,1.0710408092e-4,7.3691729839e-3,1.4746875000e0,1.4738345968e0,2.9281250000e-3,6.7822247823e-5,2.9649815967e-3,1.4640625000e0,1.4824907983e0
1.240000,1.3284218750e-1,4.5931685561e-4,1.3309655955e-1,1.3284218750e0,1.3309655955e0,2.9835937500e-2,2.1597154098e-4,2.9626037401e-2,1.4917968750e0,1.4813018701e0,7.5015625000e-3,1.0846586431e-4,7.6128022164e-3,1.5003125000e0,1.5225604433e0,2.9937500000e-3,6.8538591860e-5,3.0629933198e-3,1.4968750000e0,1.5314966599e0
1.260000,1.3738593750e-1,4.6620541998e-4,1.3760640108e-1,1.3738593750e0,1.3760640108e0,3.0432812500e-2,2.1877835133e-4,3.0591650977e-2,1.5216406250e0,1.5295825488e0,7.8578125000e-3,1.1073776570e-4,7.8603952792e-3,1.5715625000e0,1.5720790558e0,3.1609375000e-3,7.0327140620e-5,3.1625988856e-3,1.5804687500e0,1.5812994428e0
1.280000,1.4213906250e-1,4.7583451823e-4,1.4219879773e-1,1.4213906250e0,1.4219879773e0,3.1526562500e-2,2.2131370677e-4,3.1572853788e-2,1.5763281250e0,1.5786426894e0,8.1656250000e-3,1.1261508382e-4,8.1119522858e-3,1.6331250000e0,1.6223904572e0,3.2750000000e-3,7.1416417493e-5,3.2637983015e-3,1.6375000000e0,1.6318991507e0
1.300000,1.4572968750e-1,4.8202259891e-4,1.4687412111e-1,1.4572968750e0,1.4687412111e0,3.2653125000e-2,2.2601183052e-4,3.2569652069e-2,1.6326562500e0,1.6284826034e0,8.3687500000e-3,1.1400272192e-4,8.3674733512e-3,1.6737500000e0,1.6734946702e0,3.3609375000e-3,7.2334890580e-5,3.3665915751e-3,1.6804687500e0,1.6832957875e0
1.320000,1.5248750000e-1,4.9552075472e-4,1.5163273959e-1,1.5248750000e0,1.5163273959e0,3.3567187500e-2,2.2900093438e-4,3.3582052121e-2,1.6783593750e0,1.6791026060e0,8.5437500000e-3,1.1562776813e-4,8.6269585920e-3,1.7087500000e0,1.7253917184e0,3.3484375000e-3,7.2308380722e-5,3.4709787142e-3,1.6742187500e0,1.7354893571e0
1.340000,1.5679218750e-1,4.9995115701e-4,1.5647501795e-1,1.5679218750e0,1.5647501795e0,3.4553125000e-2,2.3226728078e-4,3.4610060311e-2,1.7276562500e0,1.7305030156e0,8.8218750000e-3,1.1727635746e-4,8.8904081265e-3,1.7643750000e0,1.7780816253e0,3.6171875000e-3,7.5519193925e-5,3.5769597267e-3,1.8085937500e0,1.7884798633e0
1.360000,1.6033125000e-1,5.0650726054e-4,1.6140131699e-1,1.6033125000e0,1.6140131699e0,3.6093750000e-2,2.3717018114e-4,3.5653683072e-2,1.8046875000e0,1.7826841536e0,8.7734375000e-3,1.1699877707e-4,9.1578220747e-3,1.7546875000e0,1.8315644149e0,3.7093750000e-3,7.6123607303e-5,3.6845346204e-3,1.8546875000e0,1.8422673102e0
1.380000,1.6499062500e-1,5.1262822222e-4,1.6641199326e-1,1.6499062500e0,1.6641199326e0,3.6482812500e-2,2.3898743964e-4,3.6712926898e-2,1.8241406250e0,1.8356463449e0,9.3203125000e-3,1.2046697356e-4,9.4292005583e-3,1.8640625000e0,1.8858401117e0,3.7671875000e-3,7.6679414679e-5,3.7937034036e-3,1.8835937500e0,1.8968517018e0
1.400000,1.7110625000e-1,5.2307117359e-4,1.7150739867e-1,1.7110625000e0,1.7150739867e0,3.7978125000e-2,2.4366599890e-4,3.7787798345e-2,1.8989062500e0,1.8893899173e0,9.6796875000e-3,1.2328189052e-4,9.7045437005e-3,1.9359375000e0,1.9409087401e0,3.7609375000e-3,7.6715080543e-5,3.9044660844e-3,1.8804687500e0,1.9522330422e0
1.420000,1.7721406250e-1,5.3169168539e-4,1.7668788018e-1,1.7721406250e0,1.7668788018e0,3.9056250000e-2,2.4668703188e-4,3.8878304031e-2,1.9528125000e0,1.9439152016e0,9.6875000000e-3,1.2332372130e-4,9.9838516261e-3,1.9375000000e0,1.9967703252e0,4.0062500000e-3,7.9054220787e-5,4.0168226710e-3,2.0031250000e0,2.0084113355e0
1.440000,1.8224062500e-1,5.4100956235e-4,1.8195377948e-1,1.8224062500e0,1.8195377948e0,4.0129687500e-2,2.5176037388e-4,3.9984450633e-2,2.0064843750e0,1.9992225316e0,1.0278125000e-2,1.2621599896e-4,1.0267124462e-2,2.0556250000e0,2.0534248923e0,4.1359375000e-3,8.0456118358e-5,4.1307731720e-3,2.0679687500e0,2.0653865860e0
1.460000,1.8728281250e-1,5.4786463690e-4,1.8730543263e-1,1.8728281250e0,1.8730543263e0,4.1140625000e-2,2.5468337204e-4,4.1106244883e-2,2.0570312500e0,2.0553122441e0,1.0601562500e-2,1.2878590204e-4,1.0554362335e-2,2.1203125000e0,2.1108724671e0,4.1765625000e-3,8.0732855237e-5,4.2463175958e-3,2.0882812500e0,2.1231587979e0
1.480000,1.9213437500e-1,5.5608765966e-4,1.9274316980e-1,1.9213437500e0,1.9274316980e0,4.1910937500e-2,2.5676198561e-4,4.2243693571e-2,2.0955468750e0,2.1121846786e0,1.1081250000e-2,1.3163350036e-4,1.0845565377e-2,2.2162500000e0,2.1691130754e0,4.3375000000e-3,8.2290109426e-5,4.3634559512e-3,2.1687500000e0,2.1817279756e0
1.500000,1.9883437500e-1,5.6508573125e-4,1.9826731491e-1,1.9883437500e0,1.9826731491e0,4.3221875000e-2,2.5988829082e-4,4.3396803543e-2,2.1610937500e0,2.1698401771e0,1.1110937500e-2,1.3174127724e-4,1.1140733717e-2,2.2221875000e0,2.2281467435e0,4.6328125000e-3,8.5025123922e-5,4.4821882469e-3,2.3164062500e0,2.2410941234e0
1.520000,2.0375000000e-1,5.7060566095e-4,2.0387818532e-1,2.0375000000e0,2.0387818532e0,4.4707812500e-2,2.6486657759e-4,4.4565581694e-2,2.2353906250e0,2.2282790847e0,1.1492187500e-2,1.3367184932e-4,1.1439867490e-2,2.2984375000e0,2.2879734980e0,4.6421875000e-3,8.5104836651e-5,4.6025144918e-3,2.3210937500e0,2.3012572459e0
1.540000,2.0885468750e-1,5.7671103246e-4,2.0957609159e-1,2.0885468750e0,2.0957609159e0,4.6028125000e-2,2.7010391135e-4,4.5750034976e-2,2.3014062500e0,2.2875017488e0,1.1812500000e-2,1.3578098029e-4,1.1742966829e-2,2.3625000000e0,2.3485933659e0,4.8125000000e-3,8.6311968228e-5,4.7244346948e-3,2.4062500000e0,2.3622173474e0
1.560000,2.1609218750e-1,5.8816520786e-4,2.1536133713e-1,2.1609218750e0,2.1536133713e0,4.6640625000e-2,2.6992032041e-4,4.6950170387e-2,2.3320312500e0,2.3475085193e0,1.2067187500e-2,1.3760153289e-4,1.2050031871e-2,2.4134375000e0,2.4100063742e0,4.8390625000e-3,8.7011855271e-5,4.8479488652e-3,2.4195312500e0,2.4239744326e0
1.580000,2.2172343750e-1,5.9801762438e-4,2.2123421791e-1,2.2172343750e0,2.2123421791e0,4.8439062500e-2,2.7548662993e-4,4.8165994975e-2,2.4219531250e0,2.4082997488e0,1.2339062500e-2,1.3938224641e-4,1.2361062753e-2,2.4678125000e0,2.4722125507e0,5.0921875000e-3,8.9271089173e-5,4.9730570121e-3,2.5460937500e0,2.4865285061e0
1.600000,2.2685468750e-1,6.0044374031e-4,2.2719502225e-1,2.2685468750e0,2.2719502225e0,4.9323437500e-2,2.7755848372e-4,4.9397515837e-2,2.4661718750e0,2.4698757919e0,1.2790625000e-2,1.4107884706e-4,1.2676059615e-2,2.5581250000e0,2.5352119230e0,5.2046875000e-3,9.0224133449e-5,5.0997591449e-3,2.6023437500e0,2.5498795724e0
1.620000,2.3276406250e-1,6.1417970213e-4,2.3324403048e-1,2.3276406250e0,2.3324403048e0,5.0693750000e-2,2.8224795085e-4,5.0644740115e-2,2.5346875000e0,2.5322370057e0,1.2835937500e-2,1.4164062231e-4,1.2995022597e-2,2.5671875000e0,2.5990045193e0,5.3359375000e-3,9.1445934061e-5,5.2280552730e-3,2.6679687500e0,2.6140276365e0
1.640000,2.3918750000e-1,6.1971480178e-4,2.3938151473e-1,2.3918750000e0,2.3938151473e0,5.2062500000e-2,2.8487344709e-4,5.1907674993e-2,2.6031250000e0,2.5953837497e0,1.3303125000e-2,1.4398670686e-4,1.3317951841e-2,2.6606250000e0,2.6635903682e0,5.4218750000e-3,9.2140993963e-5,5.3579454060e-3,2.7109375000e0,2.6789727030e0
1.660000,2.4526562500e-1,6.2896639610e-4,2.4560773864e-1,2.4526562500e0,2.4560773864e0,5.3125000000e-2,2.8854260680e-4,5.3186327701e-2,2.6562500000e0,2.6593163851e0,1.3515625000e-2,1.4529333501e-4,1.3644847491e-2,2.7031250000e0,2.7289694983e0,5.4031250000e-3,9.1862881189e-5,5.4894295535e-3,2.7015625000e0,2.7447147768e0
1.680000,2.5167343750e-1,6.3593301209e-4,2.5192295717e-1,2.5167343750e0,2.5192295717e0,5.4123437500e-2,2.9186038669e-4,5.4480705508e-2,2.7061718750e0,2.7240352754e0,1.4017187500e-2,1.4787735172e-4,1.3975709694e-2,2.8034375000e0,2.7951419388e0,5.6015625000e-3,9.3650300991e-5,5.6225077254e-3,2.8007812500e0,2.8112538627e0
1.700000,2.5830312500e-1,6.4488866520e-4,2.5832741633e-1,2.5830312500e0,2.5832741633e0,5.4967187500e-2,2.9485113799e-4,5.5790815724e-2,2.7483593750e0,2.7895407862e0,1.4246875000e-2,1.4979458551e-4,1.4310538595e-2,2.8493750000e0,2.8621077190e0,5.7109375000e-3,9.4269552373e-5,5.7571799316e-3,2.8554687500e0,2.8785899658e0
1.720000,2.6419531250e-1,6.5475515143e-4,2.6482135296e-1,2.6419531250e0,2.6482135296e0,5.7476562500e-2,3.0049112301e-4,5.7116665697e-2,2.8738281250e0,2.8558332849e0,1.4650000000e-2,1.5128948348e-4,1.4649334343e-2,2.9300000000e0,2.9298668685e0,5.9468750000e-3,9.6507993693e-5,5.8934461821e-3,2.9734375000e0,2.9467230910e0
1.740000,2.7020625000e-1,6.6113424635e-4,2.7140499457e-1,2.7020625000e0,2.7140499457e0,5.8564062500e-2,3.0270865007e-4,5.8458262811e-2,2.9282031250e0,2.9229131406e0,1.4789062500e-2,1.5185355581e-4,1.4992097088e-2,2.9578125000e0,2.9984194175e0,5.9609375000e-3,9.6154987951e-5,6.0313064870e-3,2.9804687500e0,3.0156532435e0
1.760000,2.7874218750e-1,6.6811685070e-4,2.7807855909e-1,2.7874218750e0,2.7807855909e0,5.9726562500e-2,3.0580570924e-4,5.9815614486e-2,2.9863281250e0,2.9907807243e0,1.5473437500e-2,1.5552277946e-4,1.5338826981e-2,3.0946875000e0,3.0677653961e0,6.2515625000e-3,9.8733433978e-5,6.1707608565e-3,3.1257812500e0,3.0853804282e0
1.780000,2.8474062500e-1,6.7574939511e-4,2.8484225469e-1,2.8474062500e0,2.8484225469e0,6.0865625000e-2,3.0792876750e-4,6.1188728174e-2,3.0432812500e0,3.0594364087e0,1.5839062500e-2,1.5799429031e-4,1.5689524175e-2,3.1678125000e0,3.1379048350e0,6.2937500000e-3,9.9205710265e-5,6.3118093010e-3,3.1468750000e0,3.1559046505e0
1.800000,2.9193437500e-1,6.8596512250e-4,2.9169627967e-1,2.9193437500e0,2.9169627967e0,6.2448437500e-2,3.1168638768e-4,6.2577611360e-2,3.1224218750e0,3.1288805680e0,1.6170312500e-2,1.5948393556e-4,1.6044188825e-2,3.2340625000e0,3.2088377649e0,6.4265625000e-3,1.0009200342e-4,6.4544518310e-3,3.2132812500e0,3.2272259155e0
1.820000,2.9895000000e-1,6.9216802173e-4,2.9864082221e-1,2.9895000000e0,2.9864082221e0,6.4059375000e-2,3.1651926975e-4,6.3982271560e-2,3.2029687500e0,3.1991135780e0,1.6475000000e-2,1.6075004860e-4,1.6402821086e-2,3.2950000000e0,3.2805642172e0,6.4296875000e-3,1.0057615623e-4,6.5986884570e-3,3.2148437500e0,3.2993442285e0
1.840000,3.0581875000e-1,7.0182074833e-4,3.0567606029e-1,3.0581875000e0,3.0567606029e0,6.5178125000e-2,3.1909937023e-4,6.5402716319e-2,3.2589062500e0,3.2701358159e0,1.6956250000e-2,1.6308433251e-4,1.6765421115e-2,3.3912500000e0,3.3530842231e0,6.6375000000e-3,1.0201140217e-4,6.7445191897e-3,3.3187500000e0,3.3722595948e0
1.860000,3.1296406250e-1,7.1175416245e-4,3.1280216152e-1,3.1296406250e0,3.1280216152e0,6.6442187500e-2,3.2287629031e-4,6.6838953207e-2,3.3221093750e0,3.3419476603e0,1.7323437500e-2,1.6426683992e-4,1.7131989072e-2,3.4646875000e0,3.4263978145e0,6.7906250000e-3,1.0302911676e-4,6.8919440399e-3,3.3953125000e0,3.4459720199e0
1.880000,3.1995468750e-1,7.1683077574e-4,3.2001928303e-1,3.1995468750e0,3.2001928303e0,6.8459375000e-2,3.2652200538e-4,6.8290989821e-2,3.4229687500e0,3.4145494910e0,1.7501562500e-2,1.6520229068e-4,1.7502525117e-2,3.5003125000e0,3.5005050234e0,7.1625000000e-3,1.0559699148e-4,7.0409630185e-3,3.5812500000e0,3.5204815093e0
1.900000,3.2749375000e-1,7.2731137448e-4,3.2732757137e-1,3.2749375000e0,3.2732757137e0,6.9926562500e-2,3.2948976738e-4,6.9758833783e-2,3.4963281250e0,3.4879416891e0,1.8000000000e-2,1.6801866991e-4,1.7877029410e-2,3.6000000000e0,3.5754058821e0,7.2109375000e-3,1.0595976199e-4,7.1915761365e-3,3.6054687500e0,3.5957880683e0
1.920000,3.3486406250e-1,7.3540025737e-4,3.3472716241e-1,3.3486406250e0,3.3472716241e0,7.1123437500e-2,3.3466422213e-4,7.1242492736e-2,3.5561718750e0,3.5621246368e0,1.8431250000e-2,1.6987960897e-4,1.8255502116e-2,3.6862500000e0,3.6511004232e0,7.2765625000e-3,1.0661591847e-4,7.3437834051e-3,3.6382812500e0,3.6718917026e0
1.940000,3.4220468750e-1,7.4349108132e-4,3.4221818123e-1,3.4220468750e0,3.4221818123e0,7.2632812500e-2,3.3677696599e-4,7.2741974346e-2,3.6316406250e0,3.6370987173e0,1.8585937500e-2,1.7088037628e-4,1.8637943398e-2,3.7171875000e0,3.7275886796e0,7.5750000000e-3,1.0893002341e-4,7.4975848354e-3,3.7875000000e0,3.7487924177e0
1.960000,3.5022812500e-1,7.5244090681e-4,3.4980074210e-1,3.5022812500e0,3.4980074210e0,7.3868750000e-2,3.3986529314e-4,7.4257286296e-2,3.6934375000e0,3.7128643148e0,1.9167187500e-2,1.7255553403e-4,1.9024353423e-2,3.8334375000e0,3.8048706845e0,7.6390625000e-3,1.0897494905e-4,7.6529804389e-3,3.8195312500e0,3.8264902194e0
1.980000,3.5560468750e-1,7.5494620289e-4,3.5747494840e-1,3.5560468750e0,3.5747494840e0,7.5671875000e-2,3.4484091366e-4,7.5788436287e-2,3.7835937500e0,3.7894218143e0,1.9745312500e-2,1.7532634114e-4,1.9414732357e-2,3.9490625000e0,3.8829464713e0,7.9187500000e-3,1.1104684532e-4,7.8099702268e-3,3.9593750000e0,3.9049851134e0
2.000000,3.6611093750e-1,7.7058730042e-4,3.6524089260e-1,3.6611093750e0,3.6524089260e0,7.6542187500e-2,3.4675681717e-4,7.7335432038e-2,3.8271093750e0,3.8667716019e0,2.0071875000e-2,1.7671628777e-4,1.9809080369e-2,4.0143750000e0,3.9618160738e0,8.0593750000e-3,1.1255899007e-4,7.9685542109e-3,4.0296875000e0,3.9842771055e0
