lambda,n_qmc_eta10,n_err_eta10,n_ed_eta10,ntilde_qmc_eta10,ntilde_ed_eta10,x2_qmc_eta10,x2_err_eta10,x2_ed_eta10,n_qmc_eta50,n_err_eta50,n_ed_eta50,ntilde_qmc_eta50,ntilde_ed_eta50,x2_qmc_eta50,x2_err_eta50,x2_ed_eta50,n_qmc_eta200,n_err_eta200,n_ed_eta200,ntilde_qmc_eta200,ntilde_ed_eta200,x2_qmc_eta200,x2_err_eta200,x2_ed_eta200,n_qmc_eta500,n_err_eta500,n_ed_eta500,ntilde_qmc_eta500,ntilde_ed_eta500,x2_qmc_eta500,x2_err_eta500,x2_ed_eta500
0.200000,3.2716666667e-3,3.6889679250e-5,3.3102493917e-3,3.2716666667e-2,3.3102493917e-2,1.0152214995e0,1.0845685314e-3,1.0138980084e0,8.0708333333e-4,1.8316722762e-5,7.6897900934e-4,4.0354166667e-2,3.8448950467e-2,1.0023985049e0,3.6633635068e-5,1.0031066264e0,1.9750000000e-4,9.0643061419e-6,1.9801459384e-4,3.9500000000e-2,3.9602918769e-2,1.0005940054e0,1.8128618112e-5,1.0007940377e0,8.4166666667e-5,5.9199519439e-6,7.9680552169e-5,4.2083333333e-2,3.9840276085e-2,1.0002481737e0,1.1839903991e-5,1.0003190409e0
0.250000,5.1250000000e-3,4.6217518624e-5,5.1761786850e-3,5.1250000000e-2,5.1761786850e-2,1.0218002223e0,9.4184138411e-4,1.0217276648e0,1.2075000000e-3,2.2422727341e-5,1.2015714023e-3,6.0375000000e-2,6.0078570115e-2,1.0043205273e0,6.8310728355e-4,1.0048542294e0,3.2416666667e-4,1.1606858505e-5,3.0939849255e-4,6.4833333333e-2,6.1879698510e-2,1.0009592796e0,2.3213729707e-5,1.0012406860e0,1.2500000000e-4,7.2132690231e-6,1.2450090741e-4,6.2500000000e-2,6.2250453706e-2,1.0003747506e0,1.4426539097e-5,1.0004985015e0
0.300000,7.4420833333e-3,5.5810965042e-5,7.4605654629e-3,7.4420833333e-2,7.4605654629e-2,1.0323373038e0,9.9295010979e-4,1.0313089396e0,1.7316666667e-3,2.6849715324e-5,1.7303361451e-3,8.6583333333e-2,8.6516807256e-2,1.0061725620e0,6.7227476422e-4,1.0069903114e0,4.4541666667e-4,1.3624367956e-5,4.4553504279e-4,8.9083333333e-2,8.9107008559e-2,1.0013385965e0,2.7248756200e-5,1.0017865915e0,1.8166666667e-4,8.7138772890e-6,1.7928138524e-4,9.0833333333e-2,8.9640692621e-2,1.0005429742e0,1.7427756064e-5,1.0007178424e0
0.350000,1.0132083333e-2,6.5055992225e-5,1.0165666993e-2,1.0132083333e-1,1.0165666993e-1,1.0420342656e0,9.1868138627e-4,1.0426487660e0,2.3720833333e-3,3.1476859436e-5,2.3552975756e-3,1.1860416667e-1,1.1776487878e-1,1.0123501080e0,1.3514159386e-3,1.0095149457e0,5.9833333333e-4,1.5784608948e-5,6.0642464862e-4,1.1966666667e-1,1.2128492972e-1,1.0031734645e0,1.3693647477e-3,1.0024317554e0,2.6250000000e-4,1.0463868057e-5,2.4402201184e-4,1.3125000000e-1,1.2201100592e-1,1.0007695112e0,2.0927739897e-5,1.0009770637e0
0.380000,1.1993333333e-2,7.0806699829e-5,1.1991754955e-2,1.1993333333e-1,1.1991754955e-1,1.0501263621e0,9.5199077190e-4,1.0503000954e0,2.7825000000e-3,3.4063226853e-5,2.7764605969e-3,1.3912500000e-1,1.3882302985e-1,1.0107510825e0,8.3981025368e-4,1.0112162669e0,7.1166666667e-4,1.7221372112e-5,7.1484007426e-4,1.4233333333e-1,1.4296801485e-1,1.0033017132e0,1.1621360843e-3,1.0028664984e0,3.0083333333e-4,1.1213384756e-5,2.8764727187e-4,1.5041666667e-1,1.4382363594e-1,1.0008898906e0,2.2426774348e-5,1.0011517390e0
0.400000,1.3255416667e-2,7.4315678299e-5,1.3294126735e-2,1.3255416667e-1,1.3294126735e-1,1.0531511790e0,8.7673952222e-4,1.0557552617e0,3.0929166667e-3,3.5884968216e-5,3.0764843781e-3,1.5464583333e-1,1.5382421890e-1,1.0119795057e0,8.4812862930e-4,1.0124282189e0,7.9083333333e-4,1.8114182532e-5,7.9206778718e-4,1.5816666667e-1,1.5841355744e-1,1.0023776929e0,3.6228412806e-5,1.0031761792e0,3.1458333333e-4,1.1449617266e-5,3.1872281813e-4,1.5729166667e-1,1.5936140907e-1,1.0009485284e0,2.2899239140e-5,1.0012761653e0
0.420000,1.4619166667e-2,7.8145358844e-5,1.4664714599e-2,1.4619166667e-1,1.4664714599e-1,1.0618561029e0,9.7469159470e-4,1.0614945649e0,3.4141666667e-3,3.7777203560e-5,3.3919094497e-3,1.7070833333e-1,1.6959547249e-1,1.0129376125e0,8.0796092924e-4,1.0137023688e0,8.8833333333e-4,1.9206699979e-5,8.7325615255e-4,1.7766666667e-1,1.7465123051e-1,1.0026542863e0,3.8413456410e-5,1.0035017418e0,3.4416666667e-4,1.1987593027e-5,3.5139199879e-4,1.7208333333e-1,1.7569599940e-1,1.0010404296e0,2.3975191695e-5,1.0014069726e0
0.440000,1.6134166667e-2,8.2124590294e-5,1.6103728010e-2,1.6134166667e-1,1.6103728010e-1,1.0682304818e0,9.9319648169e-4,1.0675186481e0,3.7333333333e-3,3.9441400509e-5,3.7227381150e-3,1.8666666667e-1,1.8613690575e-1,1.0138973448e0,7.7079511663e-4,1.0150387237e0,9.9375000000e-4,2.0352958639e-5,9.5840520882e-4,1.9875000000e-1,1.9168104176e-1,1.0038158738e0,8.6779266977e-4,1.0038431863e0,3.7000000000e-4,1.2397997150e-5,3.8565481636e-4,1.8500000000e-1,1.9282740818e-1,1.0011264277e0,2.4796000506e-5,1.0015441607e0
0.450000,1.6740416667e-2,8.3647701034e-5,1.6848962237e-2,1.6740416667e-1,1.6848962237e-1,1.0682475350e0,9.1221639248e-4,1.0706376907e0,3.8875000000e-3,4.0267846716e-5,3.8939295447e-3,1.9437500000e-1,1.9469647724e-1,1.0151038799e0,8.4975958708e-4,1.0157302303e0,9.8541666667e-4,2.0251697103e-5,1.0024650086e-3,1.9708333333e-1,2.0049300172e-1,1.0046326160e0,1.1728148690e-3,1.0040198644e0,3.9833333333e-4,1.2929788675e-5,4.0338383979e-4,1.9916666667e-1,2.0169191990e-1,1.0012008589e0,2.5859584492e-5,1.0016151476e0
0.460000,1.7585000000e-2,8.5874526200e-5,1.7611385499e-2,1.7585000000e-1,1.7611385499e-1,1.0733796464e0,9.6833857751e-4,1.0738281820e0,4.0912500000e-3,4.1226053929e-5,4.0689727857e-3,2.0456250000e-1,2.0344863928e-1,1.0159471130e0,8.6289517562e-4,1.0164372908e0,1.0404166667e-3,2.0809222034e-5,1.0475149963e-3,2.0808333333e-1,2.0950299927e-1,1.0047167454e0,1.1225793125e-3,1.0042005130e0,4.3541666667e-4,1.3484558534e-5,4.2151127344e-4,2.1770833333e-1,2.1075563672e-1,1.0012931893e0,2.6969123512e-5,1.0016877297e0
0.480000,1.9223750000e-2,8.9887652457e-5,1.9187914503e-2,1.9223750000e-1,1.9187914503e-1,1.0799276613e0,9.6695319517e-4,1.0804238644e0,4.4495833333e-3,4.3061775709e-5,4.4306159817e-3,2.2247916667e-1,2.2153079908e-1,1.0178441723e0,9.1557636540e-4,1.0178980777e0,1.1250000000e-3,2.1633387904e-5,1.1405855573e-3,2.2500000000e-1,2.2811711145e-1,1.0033962817e0,4.3266858002e-5,1.0045737218e0,4.6541666667e-4,1.3937117189e-5,4.5896137278e-4,2.3270833333e-1,2.2948068639e-1,1.0013907144e0,2.7874243036e-5,1.0018376796e0
0.500000,2.0791666667e-2,9.3324001270e-5,2.0833551197e-2,2.0791666667e-1,2.0833551197e-1,1.0872068647e0,9.8118827501e-4,1.0873064202e0,4.7933333333e-3,4.4563585865e-5,4.8076703305e-3,2.3966666667e-1,2.4038351652e-1,1.0185690419e0,8.4553653013e-4,1.0194210923e0,1.1991666667e-3,2.2377717040e-5,1.2376169356e-3,2.3983333333e-1,2.4752338713e-1,1.0049821186e0,9.5090875901e-4,1.0049628130e0,4.6083333333e-4,1.3843887456e-5,4.9800511724e-4,2.3041666667e-1,2.4900255862e-1,1.0014206696e0,2.7687784028e-5,1.0019940105e0
0.520000,2.2434583333e-2,9.7049741897e-5,2.2548540313e-2,2.2434583333e-1,2.2548540313e-1,1.0946236857e0,1.0071375434e-3,1.0944766000e0,5.1904166667e-3,4.6532067491e-5,5.2001385665e-3,2.5952083333e-1,2.6000692832e-1,1.0205556267e0,8.8887095155e-4,1.0210063428e0,1.3341666667e-3,2.3591665146e-5,1.3386091774e-3,2.6683333333e-1,2.6772183548e-1,1.0058719663e0,1.0768103118e-3,1.0053677867e0,5.2375000000e-4,1.4765135655e-5,5.3864250979e-4,2.6187500000e-1,2.6932125489e-1,1.0015872217e0,2.9530281584e-5,1.0021567223e0
0.540000,2.4441250000e-2,1.0117315820e-4,2.4333134954e-2,2.4441250000e-1,2.4333134954e-1,1.1033127252e0,1.0296126749e-3,1.1019351804e0,5.6087500000e-3,4.8274038575e-5,5.6080235306e-3,2.8043750000e-1,2.8040117653e-1,1.0226197297e0,9.2516968730e-4,1.0226538379e0,1.4704166667e-3,2.4781991097e-5,1.4435623302e-3,2.9408333333e-1,2.8871246604e-1,1.0049660121e0,5.7819330483e-4,1.0057886429e0,5.7500000000e-4,1.5487741568e-5,5.8087355354e-4,2.8750000000e-1,2.9043677677e-1,1.0031637909e0,1.4337477431e-3,1.0023258150e0
0.550000,2.5497916667e-2,1.0363718759e-4,2.5251615683e-2,2.5497916667e-1,2.5251615683e-1,1.1078649411e0,1.0240437900e-3,1.1057728703e0,5.8275000000e-3,4.9349892843e-5,5.8177482025e-3,2.9137500000e-1,2.9088741013e-1,1.0240495540e0,9.6880949035e-4,1.0235009299e0,1.5516666667e-3,2.5419305692e-5,1.4975242637e-3,3.1033333333e-1,2.9950485274e-1,1.0068231852e0,1.1118901647e-3,1.0060050271e0,6.1333333333e-4,1.6001179355e-5,6.0258669561e-4,3.0666666667e-1,3.0129334781e-1,1.0018304605e0,3.2002371820e-5,1.0024127542e0
0.560000,2.6115000000e-2,1.0481608403e-4,2.6187596402e-2,2.6115000000e-1,2.6187596402e-1,1.1106883200e0,1.0415568554e-3,1.1096829628e0,5.9950000000e-3,4.9933899919e-5,6.0313281696e-3,2.9975000000e-1,3.0156640848e-1,1.0232895367e0,8.5134703368e-4,1.0243635863e0,1.5362500000e-3,2.5336919874e-5,1.5524764437e-3,3.0725000000e-1,3.1049528874e-1,1.0089056381e0,1.5162083744e-3,1.0062253820e0,6.3583333333e-4,1.6288617291e-5,6.2469825171e-4,3.1791666667e-1,3.1234912585e-1,1.0032289279e0,1.3333687611e-3,1.0025012887e0
0.580000,2.7996250000e-2,1.0842802891e-4,2.8112193920e-2,2.7996250000e-1,2.8112193920e-1,1.1174105504e0,1.0211849353e-3,1.1177207728e0,6.4625000000e-3,5.1924980942e-5,6.4700555353e-3,3.2312500000e-1,3.2350277677e-1,1.0274806773e0,1.0209101770e-3,1.0261355974e0,1.6737500000e-3,2.6435233913e-5,1.6653515694e-3,3.3475000000e-1,3.3307031387e-1,1.0055190733e0,5.0235550097e-4,1.0066780039e0,6.7958333333e-4,1.6843503511e-5,6.7011660764e-4,3.3979166667e-1,3.3505830382e-1,1.0020306256e0,3.3687021715e-5,1.0026831433e0
0.600000,2.9988750000e-2,1.1219399553e-4,3.0107204540e-2,2.9988750000e-1,3.0107204540e-1,1.1250382098e0,1.0175241664e-3,1.1260494599e0,6.8408333333e-3,5.3426834684e-5,6.9242087840e-3,3.4204166667e-1,3.4621043920e-1,1.0285326548e0,9.7794584307e-4,1.0279698806e0,1.8341666667e-3,2.7636680495e-5,1.7821877604e-3,3.6683333333e-1,3.5643755208e-1,1.0077857715e0,1.0455267211e-3,1.0071465089e0,6.9250000000e-4,1.6970115277e-5,7.1712862480e-4,3.4625000000e-1,3.5856431240e-1,1.0032632849e0,1.1618747665e-3,1.0028713789e0
0.650000,3.5462916667e-2,1.2205184861e-4,3.5404674020e-2,3.5462916667e-1,3.5404674020e-1,1.1481396720e0,1.0483186570e-3,1.1481495457e0,8.1445833333e-3,5.8332414631e-5,8.1271017920e-3,4.0722916667e-1,4.0635508960e-1,1.0341303013e0,1.0028207639e-3,1.0328280943e0,2.1229166667e-3,2.9716454934e-5,2.0916082652e-3,4.2458333333e-1,4.1832165304e-1,1.0087265325e0,9.7692524355e-4,1.0083872611e0,8.6291666667e-4,1.8951249577e-5,8.4163095939e-4,4.3145833333e-1,4.2081547970e-1,1.0035573130e0,9.9054676124e-4,1.0033698847e0
0.700000,4.1072916667e-2,1.3123670430e-4,4.1148666647e-2,4.1072916667e-1,4.1148666647e-1,1.1718221796e0,1.0516937845e-3,1.1720873561e0,9.4595833333e-3,6.2731394758e-5,9.4264809703e-3,4.7297916667e-1,4.7132404852e-1,1.0398900020e0,1.0185657004e-3,1.0380757330e0,2.4712500000e-3,3.2144811579e-5,2.4257866895e-3,4.9425000000e-1,4.8515733789e-1,1.0111405136e0,1.1409778058e-3,1.0097272862e0,9.9416666667e-4,2.0340091716e-5,9.7609375870e-4,4.9708333333e-1,4.8804687935e-1,1.0029663811e0,4.0680210139e-5,1.0039082718e0
0.750000,4.7550833333e-2,1.4148102444e-4,4.7344088389e-2,4.7550833333e-1,4.7344088389e-1,1.1990545405e0,1.1012669302e-3,1.1978779205e0,1.0841666667e-2,6.7321263701e-5,1.0822404016e-2,5.4208333333e-1,5.4112020082e-1,1.0446459602e0,1.0125316543e-3,1.0437129707e0,2.7616666667e-3,3.3936126140e-5,2.7847240157e-3,5.5233333333e-1,5.5694480314e-1,1.0118951854e0,1.0394052478e-3,1.0111665873e0,1.0979166667e-3,2.1400025622e-5,1.1205170867e-3,5.4895833333e-1,5.6025854337e-1,1.0033185928e0,4.2800082760e-5,1.0044865403e0
0.800000,5.4055833333e-2,1.5107080992e-4,5.3996084177e-2,5.4055833333e-1,5.3996084177e-1,1.2259299301e0,1.1007145002e-3,1.2255369930e0,1.2299166667e-2,7.1697698692e-5,1.2314932503e-2,6.1495833333e-1,6.1574662516e-1,1.0499553940e0,1.0082484555e-3,1.0497399929e0,3.1558333333e-3,3.6225522739e-5,3.1684212974e-3,6.3116666667e-1,6.3368425949e-1,1.0123746922e0,8.7642945535e-4,1.0127051676e0,1.2979166667e-3,2.3238856038e-5,1.2749010122e-3,6.4895833333e-1,6.3745050610e-1,1.0051779681e0,9.2605606063e-4,1.0051046906e0
0.900000,6.8328333333e-2,1.6959499662e-4,6.8691414588e-2,6.8328333333e-1,6.8691414588e-1,1.2845668703e0,1.1357244853e-3,1.2865268107e0,1.5613333333e-2,8.0759736026e-5,1.5590070964e-2,7.8066666667e-1,7.7950354819e-1,1.0615357690e0,9.3688203744e-4,1.0629641902e0,4.0537500000e-3,4.1048515778e-5,4.0101002943e-3,8.1075000000e-1,8.0202005886e-1,1.0175139120e0,1.0660092968e-3,1.0160801793e0,1.5866666667e-3,2.5697437543e-5,1.6135509537e-3,7.9333333333e-1,8.0677547685e-1,1.0053055401e0,5.1963036264e-4,1.0064606371e0
1.000000,8.5422916667e-2,1.9018319290e-4,8.5279569987e-2,8.5422916667e-1,8.5279569987e-1,1.3562772241e0,1.1991373919e-3,1.3551941473e0,1.9193750000e-2,8.9533628895e-5,1.9252463154e-2,9.5968750000e-1,9.6262315770e-1,1.0777985537e0,9.8968582456e-4,1.0777500334e0,4.9558333333e-3,4.5465269381e-5,4.9508335126e-3,9.9116666667e-1,9.9016670253e-1,1.0204126959e0,1.0582023769e-3,1.0198523507e0,1.9808333333e-3,2.8730866056e-5,1.9920442263e-3,9.9041666667e-1,9.9602211314e-1,1.0076276816e0,8.4025751933e-4,1.0079761133e0
1.100000,1.0379375000e-1,2.0988781033e-4,1.0380747299e-1,1.0379375000e0,1.0380747299e0,1.4316269728e0,1.2459333078e-3,1.4316823177e0,2.3349166667e-2,9.8693263577e-5,2.3302732034e-2,1.1674583333e0,1.1651366017e0,1.0959852366e0,1.0481859353e-3,1.0940994001e0,6.0358333333e-3,5.0039080815e-5,5.9906318935e-3,1.2071666667e0,1.1981263787e0,1.0234904721e0,8.8020966143e-4,1.0240217148e0,2.4150000000e-3,3.1716028633e-5,2.4103815475e-3,1.2075000000e0,1.2051907737e0,1.0089703884e0,7.7779737228e-4,1.0096511212e0
1.200000,1.2458833333e-1,2.2994366240e-4,1.2432304115e-1,1.2458833333e0,1.2432304115e0,1.5162514834e0,1.3047525221e-3,1.5161374815e0,2.7792083333e-2,1.0764115571e-4,2.7741553365e-2,1.3896041667e0,1.3870776682e0,1.1112678120e0,9.9603512064e-4,1.1120143270e0,7.1883333333e-3,5.4686440445e-5,7.1295074702e-3,1.4376666667e0,1.4259014940e0,1.0309627833e0,1.0668674732e-3,1.0285883078e0,2.8112500000e-3,3.4195262347e-5,2.8685637088e-3,1.4056250000e0,1.4342818544e0,1.0113960676e0,9.2454816432e-4,1.0114856632e0
1.300000,1.4677208333e-1,2.5057148107e-4,1.4687412111e-1,1.4677208333e0,1.4687412111e0,1.6084182631e0,1.3635978653e-3,1.6087053678e0,3.2656666667e-2,1.1672469446e-4,3.2569652069e-2,1.6328333333e0,1.6284826034e0,1.1325758138e0,1.0403680995e-3,1.1314969987e0,8.3416666667e-3,5.9008001262e-5,8.3674733512e-3,1.6683333333e0,1.6734946702e0,1.0335160793e0,9.3606423566e-4,1.0335521689e0,3.4225000000e-3,3.7650394439e-5,3.3665915751e-3,1.7112500000e0,1.6832957875e0,1.0121946127e0,7.0737663758e-4,1.0134797420e0
1.400000,1.7193125000e-1,2.7015947877e-4,1.7150739867e-1,1.7193125000e0,1.7150739867e0,1.7112104104e0,1.4276366564e-3,1.7095279387e0,3.7864583333e-2,1.2580397555e-4,3.7787798345e-2,1.8932291667e0,1.8893899173e0,1.1542731009e0,1.0606296558e-3,1.1525497361e0,9.6658333333e-3,6.3475957810e-5,9.7045437005e-3,1.9331666667e0,1.9409087401e0,1.0389110208e0,9.4228937211e-4,1.0389133407e0,3.9400000000e-3,4.0504515523e-5,3.9044660844e-3,1.9700000000e0,1.9522330422e0,1.0154133726e0,8.8886721147e-4,1.0156333603e0
1.500000,1.9873833333e-1,2.9077573373e-4,1.9826731491e-1,1.9873833333e0,1.9826731491e0,1.8198177451e0,1.4879730011e-3,1.8187400842e0,4.3519166667e-2,1.3457415922e-4,4.3396803543e-2,2.1759583333e0,2.1698401771e0,1.1756960007e0,1.0595402983e-3,1.1751749840e0,1.1166250000e-2,6.8314333398e-5,1.1140733717e-2,2.2332500000e0,2.2281467435e0,1.0449913634e0,9.5344981116e-4,1.0446718689e0,4.5720833333e-3,4.3647984706e-5,4.4821882469e-3,2.2860416667e0,2.2410941234e0,1.0201296324e0,1.1110364980e-3,1.0179465212e0
2.000000,3.6477166667e-1,3.9636440668e-4,3.6524089260e-1,3.6477166667e0,3.6524089260e0,2.4915404346e0,1.8293638174e-3,2.4944956108e0,7.7059166667e-2,1.7945625279e-4,7.7335432038e-2,3.8529583333e0,3.8667716019e0,1.3102670037e0,1.1526187066e-3,1.3119814250e0,1.9716250000e-2,9.0347875261e-5,1.9809080369e-2,3.9432500000e0,3.9618160738e0,1.0773814072e0,9.3756141171e-4,1.0794266624e0,7.9958333333e-3,5.7798860503e-5,7.9685542109e-3,3.9979166667e0,3.9842771055e0,1.0330563844e0,9.9514439867e-4,1.0319055854e0
