lambda,u4_qmc_eta10,u4_ed_eta10,x2_qmc_eta10,x2_ed_eta10,u4_qmc_eta50,u4_ed_eta50,x2_qmc_eta50,x2_ed_eta50,u4_qmc_eta200,u4_ed_eta200,x2_qmc_eta200,x2_ed_eta200,u4_qmc_eta500,u4_ed_eta500,x2_qmc_eta500,x2_ed_eta500
0.200000,1.0399622117e-4,1.1975073316e-4,1.0118504798e0,1.0138980084e0,4.7267787122e-6,6.3361605132e-6,1.0024124633e0,1.0031066264e0,3.2968859753e-7,4.1870413925e-7,1.0006333804e0,1.0007940377e0,4.3961102092e-8,6.7752664146e-8,1.0002329653e0,1.0003190409e0
0.220000,2.0475988104e-4,1.7440503454e-4,1.0167750844e0,1.0168200702e0,6.3862237176e-6,9.2649241319e-6,1.0028146799e0,1.0037590542e0,3.6600822617e-7,6.1282138242e-7,1.0006751716e0,1.0009607862e0,6.2366705800e-8,9.9183412261e-8,1.0002778568e0,1.0003860395e0
0.240000,2.4825192550e-4,2.4559076034e-4,1.0184541511e0,1.0200218046e0,9.2481224012e-6,1.3103539153e-5,1.0033857121e0,1.0044736326e0,5.5681169653e-7,8.6762163709e-7,1.0008303180e0,1.0011434158e0,9.9576934365e-8,1.4045256946e-7,1.0003493451e0,1.0004594190e0
0.260000,4.5048761432e-4,3.3616281689e-4,1.0250991537e0,1.0235035857e0,1.2283900056e-5,1.8020929552e-5,1.0039099339e0,1.0052503653e0,8.2581873406e-7,1.1945582523e-6,1.0010081945e0,1.0013419265e0,1.0313489984e-7,1.9342338942e-7,1.0003599302e0,1.0005391793e0
0.280000,5.3518349924e-4,4.4912789488e-4,1.0274680630e0,1.0272658186e0,3.1724529057e-5,2.4199358205e-5,1.0064982341e0,1.0060892567e0,8.7654138703e-7,1.6060568727e-6,1.0010494262e0,1.0015563184e0,2.0594606276e-7,2.6011959842e-7,1.0005002371e0,1.0006253204e0
0.300000,6.6864925827e-4,5.8762329837e-4,1.0307564067e0,1.0313089396e0,3.5777901814e-5,3.1834099405e-5,1.0068980781e0,1.0069903114e0,1.4610021044e-6,2.1155095831e-6,1.0013415132e0,1.0017865915e0,3.0009400354e-7,3.4272501126e-7,1.0006015159e0,1.0007178424e0
0.320000,8.7854826529e-4,7.5489515792e-4,1.0354125283e0,1.0356334155e0,6.2697586911e-5,4.1133089166e-5,1.0091175060e0,1.0079535343e0,5.2110941748e-5,2.7372685869e-6,1.0077215928e0,1.0020327460e0,3.1682750679e-7,4.4358311091e-7,1.0006231414e0,1.0008167453e0
0.340000,9.1104259731e-5,9.5427622640e-4,1.0402198780e0,1.0402397437e0,6.3347700825e-5,5.2316554096e-5,1.0092303034e0,1.0089789307e0,2.2924265509e-6,3.4866394456e-6,1.0016845026e0,1.0022947819e0,3.6459854769e-7,5.6519660685e-7,1.0006713637e0,1.0009220290e0
0.360000,1.5931531800e-3,1.1891634545e-3,1.0482826434e0,1.0451284514e0,5.7393921323e-5,6.5616619831e-5,1.0086742164e0,1.0100665063e0,2.9640090078e-6,4.3798738733e-6,1.0019135302e0,1.0025726993e0,3.6747295462e-7,7.1022695747e-7,1.0006805579e0,1.0010336936e0
0.380000,1.6250355952e-3,1.4629955397e-3,1.0488168611e0,1.0503000954e0,6.8873734620e-5,8.1276899935e-5,1.0094728091e0,1.0112162669e0,3.7802228147e-6,5.4341620939e-6,1.0021590381e0,1.0028664984e0,5.5890308293e-7,8.8149386024e-7,1.0008319739e0,1.0011517390e0
0.400000,2.1162241592e-3,1.7792306359e-3,1.0560564873e0,1.0557552617e0,8.0957933870e-5,9.9552066288e-5,1.0102555262e0,1.0124282189e0,3.2279390825e-5,6.6676247689e-6,1.0063249117e0,1.0031761792e0,7.9817303866e-7,1.0819747170e-6,1.0009881117e0,1.0012761653e0
0.420000,2.6418123524e-3,2.1413244033e-3,1.0630491467e0,1.0614945649e0,1.0975595567e-4,1.2070740200e-4,1.0120317251e0,1.0137023688e0,5.9879769957e-6,8.0993044912e-6,1.0027119947e0,1.0035017418e0,8.0842058359e-7,1.3148040705e-6,1.0010020963e0,1.0014069726e0
0.440000,3.0190515553e-3,2.5527085685e-3,1.0676827009e0,1.0675186481e0,1.8129301895e-4,1.4501833789e-4,1.0155810783e0,1.0150387237e0,7.0577643587e-6,9.7491568619e-6,1.0029475684e0,1.0038431863e0,1.0208313684e-6,1.5832729986e-6,1.0011239277e0,1.0015441607e0
0.460000,3.5150536982e-3,3.0167701533e-3,1.0734464806e0,1.0738281820e0,2.4715715464e-4,1.7276997373e-4,1.0182995576e0,1.0164372908e0,7.5111975717e-6,1.1638041154e-5,1.0030558722e0,1.0042005130e0,1.2331973011e-6,1.8908285025e-6,1.0012348560e0,1.0016877297e0
0.480000,3.3428395653e-3,3.5368315174e-3,1.0767448399e0,1.0804238644e0,2.6321718043e-4,2.0425658523e-4,1.0188985190e0,1.0178980777e0,9.2323975305e-6,1.3787710554e-5,1.0033837816e0,1.0045737218e0,1.7081458669e-6,2.2410728389e-6,1.0014442561e0,1.0018376796e0
0.500000,4.7232298220e-3,4.1161313474e-3,1.0860607125e0,1.0873064202e0,2.3433169995e-4,2.3978111808e-4,1.0178492680e0,1.0194210923e0,2.8533849623e-5,1.6220802021e-5,1.0061344005e0,1.0049628130e0,1.6397295780e-6,2.6377628446e-6,1.0014271280e0,1.0019940105e0
0.520000,4.2474840590e-3,4.7578067089e-3,1.0895010582e0,1.0944766000e0,4.8536384671e-4,2.7965467010e-4,1.0257652982e0,1.0210063428e0,3.1421971776e-5,1.8960825722e-5,1.0064150935e0,1.0053677867e0,1.8988936801e-6,3.0848092240e-6,1.0015365967e0,1.0021567223e0
0.540000,6.1209210617e-3,5.4648762629e-3,1.0992280421e0,1.1019351804e0,3.7955140972e-4,3.2419596277e-4,1.0226930270e0,1.0226538379e0,3.2199149979e-5,2.2032154103e-5,1.0065110603e0,1.0057886429e0,2.6466838056e-6,3.5862757964e-6,1.0018007873e0,1.0023258150e0
0.560000,5.4251738780e-3,6.2402247343e-3,1.1104596045e0,1.1096829628e0,4.7226171550e-4,3.7373080327e-4,1.0254455614e0,1.0243635863e0,1.6179211296e-5,2.5460010560e-5,1.0044945978e0,1.0062253820e0,2.6420276444e-6,4.1463787429e-6,1.0018103246e0,1.0025012887e0
0.580000,7.5344309832e-3,7.0865886996e-3,1.1186013292e0,1.1177207728e0,5.8094904342e-4,4.2859153834e-4,1.0282866092e0,1.0261355974e0,8.5884190566e-5,2.9270457737e-5,1.0105376877e0,1.0066780039e0,3.1193831111e-6,4.7694857965e-6,1.0019652089e0,1.0026831433e0
0.600000,8.0458627915e-3,8.0065437515e-3,1.1241030805e0,1.1260494599e0,5.6593157833e-4,4.8911650106e-4,1.0279396658e0,1.0279698806e0,3.9171462202e-5,3.3490385465e-5,1.0071702228e0,1.0071465089e0,3.6524079962e-6,5.4601154106e-6,1.0021248149e0,1.0028713789e0
0.620000,9.6079730978e-3,9.0024930766e-3,1.1312807501e0,1.1346698967e0,6.5779906741e-4,5.5564945186e-4,1.0301873288e0,1.0298664457e0,4.1401901952e-5,3.8147498329e-5,1.0073746186e0,1.0076308972e0,4.2826824409e-6,6.2229359218e-6,1.0022985178e0,1.0030659954e0
0.640000,1.0949788854e-2,1.0076657471e-2,1.1424570061e0,1.1435829778e0,7.2779459195e-4,6.2853901489e-4,1.0318219960e0,1.0318253029e0,4.6134202187e-5,4.3270302886e-5,1.0077588402e0,1.0081311689e0,4.9954821039e-6,7.0627646557e-6,1.0024800676e0,1.0032669930e0
0.660000,1.0996393286e-2,1.1231066805e-2,1.1514797751e0,1.1527896199e0,8.3484633026e-4,7.0813811112e-4,1.0341230535e0,1.0338464626e0,1.1652718008e-4,4.8888094544e-5,1.0123444096e0,1.0086473242e0,5.6513854596e-6,7.9845670133e-6,1.0026382141e0,1.0034743716e0
0.680000,1.3228030526e-2,1.2467552926e-2,1.1624089600e0,1.1622907601e0,1.0344476834e-3,7.9480338907e-4,1.0381787525e0,1.0359299356e0,5.2107910595e-5,5.5030944094e-5,1.0082495562e0,1.0091793632e0,3.0901161616e-5,8.9934555483e-6,1.0062463164e0,1.0036881311e0
0.700000,1.4768367077e-2,1.3787743995e-2,1.1737931412e0,1.1720873561e0,1.0304399494e-3,8.8889465476e-4,1.0380258517e0,1.0380757330e0,9.1663927812e-5,6.1729683929e-5,1.0110553457e0,1.0097272862e0,7.0699123834e-6,1.0094688989e-5,1.0029530477e0,1.0039082718e0
0.720000,1.5002017439e-2,1.5193060215e-2,1.1808782797e0,1.1821803845e0,1.2090266792e-3,9.9077430162e-4,1.0413970968e0,1.0402838661e0,9.8531650129e-5,6.9015893925e-5,1.0114359664e0,1.0102910934e0,7.2106634580e-6,1.1293671258e-5,1.0029941097e0,1.0041347934e0
0.740000,1.7788575527e-2,1.6684710918e-2,1.1925589168e0,1.1925708409e0,1.4083129582e-3,1.1008067419e-3,1.0447280983e0,1.0425543465e0,8.4736855654e-5,7.6921887035e-5,1.0105653875e0,1.0108707849e0,1.1887872518e-4,1.2595950449e-5,1.0119389444e0,1.0043676961e0
0.760000,1.7620206513e-2,1.8263692966e-2,1.2000689916e0,1.2032597384e0,1.4519242005e-3,1.2193578404e-3,1.0454949305e0,1.0448871862e0,8.9693346510e-5,8.5480694559e-5,1.0108673709e0,1.0114663610e0,6.3535152760e-5,1.4007217787e-5,1.0089115221e0,1.0046069798e0
0.780000,2.1352389412e-2,1.9930790402e-2,1.2174144058e0,1.2142481070e0,1.3945309743e-3,1.3467943518e-3,1.0445093353e0,1.0472823975e0,1.2814046472e-4,9.4726051132e-5,1.0131003078e0,1.0120778218e0,9.8091670409e-6,1.5533306556e-5,1.0034956270e0,1.0048526447e0
0.800000,2.2657536055e-2,2.1686575290e-2,1.2234601882e0,1.2255369930e0,1.6714539761e-3,1.4834833626e-3,1.0488939874e0,1.0497399929e0,9.5700477404e-5,1.0469237944e-4,1.0112595282e0,1.0127051676e0,1.2008129178e-5,1.7180191011e-5,1.0038524516e0,1.0051046906e0
0.820000,2.4602865315e-2,2.3531409671e-2,1.2387112120e0,1.2371274576e0,1.6262577094e-3,1.6297917390e-3,1.0481968624e0,1.0522599852e0,8.8316162982e-5,1.1541477465e-4,1.0107045165e0,1.0133483986e0,1.3278165655e-5,1.8953985245e-5,1.0040514980e0,1.0053631176e0
0.840000,2.7918290244e-2,2.5465448571e-2,1.2471295845e0,1.2490205764e0,1.2412541036e-3,1.7860855807e-3,1.0544024896e0,1.0548423875e0,1.9573877606e-4,1.2692898856e-4,1.0161516466e0,1.0140075150e0,6.0014011157e-5,2.0860942059e-5,1.0087742122e0,1.0056279258e0
0.860000,2.8281564166e-2,2.7488643967e-2,1.2631939335e0,1.2612174387e0,2.2724994860e-3,1.9527296835e-3,1.0574647235e0,1.0574872133e0,1.3387543773e-4,1.3927141355e-4,1.0133525029e0,1.0146825171e0,1.6603235178e-5,2.2907451783e-5,1.0045262563e0,1.0058991151e0
0.880000,2.8449578607e-2,2.9600749639e-2,1.2759058396e0,1.2737191457e0,2.7243314324e-3,2.1300870091e-3,1.0633812876e0,1.0601944762e0,1.7144177480e-4,1.5247906622e-4,1.0152239619e0,1.0153734051e0,1.8986356003e-5,2.5100041083e-5,1.0048332183e0,1.0061766855e0
0.900000,3.3133007219e-2,3.1801326824e-2,1.2841500854e0,1.2865268107e0,2.6219124457e-3,2.3185181661e-3,1.0621486001e0,1.0629641902e0,2.2301800967e-4,1.6658957086e-4,1.0173581068e0,1.0160801793e0,3.3756125149e-5,2.7445371743e-5,1.0066871388e0,1.0064606371e0
0.920000,3.4018621623e-2,3.4089750591e-2,1.3024390061e0,1.2996415572e0,3.0013428736e-3,2.5183808996e-3,1.0667514786e0,1.0657963694e0,1.8308066704e-4,1.8164114263e-4,1.0156044932e0,1.0168028398e0,3.6527073421e-5,2.9950239423e-5,1.0069329202e0,1.0067509699e0
0.940000,3.7574169993e-2,3.6465216846e-2,1.3087608821e0,1.3130645184e0,3.1027526415e-3,2.7300295933e-3,1.0679539446e0,1.0686910285e0,3.7526010693e-4,1.9767257057e-4,1.0224966321e0,1.0175413869e0,3.8793079593e-5,3.2621572391e-5,1.0071324226e0,1.0070476839e0
0.960000,3.7463225790e-2,3.8926749892e-2,1.3247961071e0,1.3267968364e0,3.0569787842e-3,2.9538147828e-3,1.0672966724e0,1.0716481821e0,2.6163692150e-4,2.1472320041e-4,1.0187373048e0,1.0182958209e0,5.8347365538e-5,3.5466430239e-5,1.0087965164e0,1.0073507791e0
0.980000,4.0936360427e-2,4.1473210462e-2,1.3431988815e0,1.3408396607e0,3.6126428907e-3,3.1900826820e-3,1.0738471400e0,1.0746678453e0,2.5827438829e-4,2.3283291718e-4,1.0186876100e0,1.0190661421e0,5.8337445546e-5,3.8492002565e-5,1.0088179491e0,1.0076602556e0
1.000000,4.3450700635e-2,4.4103304141e-2,1.3538198056e0,1.3551941473e0,4.0651132041e-3,3.4391747225e-3,1.0786058598e0,1.0777500334e0,2.2280610533e-4,2.5204212758e-4,1.0172096604e0,1.0198523507e0,6.2016197606e-5,4.1705607641e-5,1.0090678822e0,1.0079761133e0
1.020000,4.5371675871e-2,4.6815590112e-2,1.3719252937e0,1.3698614581e0,2.9273636694e-3,3.7014271074e-3,1.0827392874e0,1.0808947619e0,2.5661082035e-4,2.7239174230e-4,1.0184949521e0,1.0206544470e0,3.1189248356e-5,4.5114691058e-5,1.0062266639e0,1.0082983522e0
1.040000,5.0896316806e-2,4.9608490145e-2,1.3852708160e0,1.3848427595e0,3.1699071656e-3,3.9771703794e-3,1.0846970686e0,1.0841020466e0,4.2224161843e-4,2.9392315804e-4,1.0239431944e0,1.0214724313e0,6.5215965589e-5,4.8726824348e-5,1.0093070257e0,1.0086269725e0
1.060000,5.1710004489e-2,5.2480297758e-2,1.3982015484e0,1.4001392213e0,4.7626838280e-3,4.2667290040e-3,1.0855158040e0,1.0873719037e0,3.6801382629e-4,3.1667823948e-4,1.0223460679e0,1.0223063038e0,4.9001268588e-5,5.2549703574e-5,1.0080173768e0,1.0089619740e0
1.080000,5.8119699360e-2,5.5429187502e-2,1.4129352441e0,1.4157520161e0,4.4545269636e-3,4.5704209683e-3,1.0911835003e0,1.0907043493e0,4.2372400016e-4,3.4069930106e-4,1.0240027635e0,1.0231560649e0,4.0066316709e-5,5.6591147924e-5,1.0070562904e0,1.0093033569e0
1.100000,5.4386304485e-2,5.8453224284e-2,1.4288137530e0,1.4316823177e0,4.8945422024e-3,4.8885573965e-3,1.0950162076e0,1.0940994001e0,4.3895600537e-4,3.6602908865e-4,1.0245246886e0,1.0240217148e0,7.0635653368e-5,6.0859098259e-5,1.0096967360e0,1.0096511212e0
1.120000,6.2170402442e-2,6.1550372697e-2,1.4486446900e0,1.4479313004e0,4.7219735428e-3,5.2214421810e-3,1.1003387144e0,1.0975570728e0,4.0206982113e-4,3.9271076110e-4,1.0233952210e0,1.0249032539e0,1.1293279125e-4,6.5361615657e-5,1.0122805855e0,1.0100052668e0
1.140000,6.1094214259e-2,6.4718506289e-2,1.4666375142e0,1.4645001377e0,6.3200314253e-3,5.5693716306e-3,1.0996944903e0,1.1010773845e0,4.4318569648e-4,4.2078787163e-4,1.0245605217e0,1.0258006824e0,6.6066277592e-5,7.0106879919e-5,1.0092299785e0,1.0103657937e0
1.160000,6.9873389228e-2,6.7955416726e-2,1.4776927316e0,1.4813900016e0,5.9644618796e-3,5.9326341361e-3,1.1065396403e0,1.1046603524e0,4.3034915732e-4,4.5030434922e-4,1.0241209764e0,1.0267140007e0,1.4831208419e-4,7.5103188083e-5,1.0140002629e0,1.0107327021e0
1.180000,6.9608406459e-2,7.1258822812e-2,1.5004486029e0,1.4986020612e0,6.8753935133e-3,6.3115098532e-3,1.1105319134e0,1.1083059940e0,4.9713303509e-4,4.8130447981e-4,1.0259460692e0,1.0276432090e0,8.3377209079e-5,8.0358952892e-5,1.0105061955e0,1.0111059919e0
1.200000,7.5049480555e-2,7.4626379328e-2,1.5191665719e0,1.5161374815e0,6.6067449075e-3,6.7062704027e-3,1.1139062036e0,1.1120143270e0,4.6788362101e-4,5.1383288752e-4,1.0251496547e0,1.0285883078e0,1.0772056094e-4,8.5882701254e-5,1.0119578534e0,1.0114856632e0
1.220000,7.7944740696e-2,7.8055685644e-2,1.5320981371e0,1.5339974227e0,7.9630796746e-3,7.1171785885e-3,1.1186146682e0,1.1157853694e0,6.0839396199e-4,5.4793451567e-4,1.0289042790e0,1.0295492972e0,1.7186799087e-4,9.1683072692e-5,1.0151384009e0,1.0118717159e0
1.240000,7.6420658504e-2,8.1544294090e-2,1.5517362291e0,1.5521830391e0,7.0448599663e-3,7.5444881340e-3,1.1214213064e0,1.1196191392e0,7.3890562390e-4,5.8365460790e-4,1.0320487071e0,1.0305261777e0,1.4924336134e-4,9.7768817754e-5,1.0141476898e0,1.0122641501e0
1.260000,8.3507256366e-2,8.5089718048e-2,1.5678597772e0,1.5706954777e0,9.0783328906e-3,7.9884434361e-3,1.1221240660e0,1.1235156550e0,6.8551494172e-4,6.2103868915e-4,1.0307359758e0,1.0315189496e0,1.1658731576e-4,1.0414879643e-4,1.0124492274e0,1.0126629659e0
1.280000,9.1498265889e-2,8.8689439752e-2,1.5885662908e0,1.5895358774e0,9.1183772104e-3,8.4492793366e-3,1.1268959639e0,1.1274749352e0,6.9945623615e-4,6.6013254658e-4,1.0310002110e0,1.0325276132e0,1.3942142096e-4,1.1083197654e-4,1.0136425955e0,1.0130681631e0
1.300000,9.3117089368e-2,9.2340917770e-2,1.6038242767e0,1.6087053678e0,8.3191841441e-3,8.9272209129e-3,1.1314389078e0,1.1314969987e0,7.1995007186e-4,7.0098221055e-4,1.0314642248e0,1.0335521689e0,1.0870611201e-4,1.1782743208e-4,1.0119479678e0,1.0134797420e0
1.320000,9.5656823325e-2,9.6041594161e-2,1.6360284490e0,1.6282050683e0,9.1795081691e-3,9.4224832857e-3,1.1370521271e0,1.1355818644e0,9.3667925551e-4,7.4363393551e-4,1.0362106279e0,1.0345926170e0,9.4674591370e-5,1.2514434163e-4,1.0110733037e0,1.0138977024e0
1.340000,9.9440914881e-2,9.9788901290e-2,1.6478830661e0,1.6480360868e0,9.1459664367e-3,9.9352714445e-3,1.1382095228e0,1.1397295515e0,8.3015211160e-4,7.8813418096e-4,1.0339235179e0,1.0356489578e0,2.3652990572e-4,1.3279198663e-4,1.0177937761e0,1.0143220444e0
1.360000,1.0271715289e-1,1.0358026829e-1,1.6641920167e0,1.6681995190e0,9.4420449852e-3,1.0465780092e-2,1.1447973022e0,1.1439400794e0,9.8469092604e-4,8.3452959230e-4,1.0372766635e0,1.0367211918e0,1.4086762465e-4,1.4077974974e-4,1.0136499962e0,1.0147527680e0
1.380000,1.0399784184e-1,1.0741312719e-1,1.6816529019e0,1.6886964471e0,1.1370491259e-2,1.1014193503e-2,1.1506364085e0,1.1482134677e0,9.3175210969e-4,8.8286698183e-4,1.0360315182e0,1.0378093193e0,1.9676003623e-4,1.4911711316e-4,1.0162682361e0,1.0151898733e0
1.400000,1.0973134894e-1,1.1128491864e-1,1.7099553188e0,1.7095279387e0,1.2639530596e-2,1.1580685407e-2,1.1535861393e0,1.1525497361e0,1.0696076828e-3,9.3319330966e-4,1.0387250954e0,1.0389133407e0,1.9468641712e-4,1.5781365687e-4,1.0162267906e0,1.0156333603e0
1.420000,1.1620596515e-1,1.1519309734e-1,1.7323828536e0,1.7306950462e0,6.2332344853e-3,1.2165418880e-2,1.1589021111e0,1.1569489046e0,1.0038482219e-3,9.8555566473e-4,1.0375064989e0,1.0400332563e0,1.8917496226e-4,1.6687905697e-4,1.0159195016e0,1.0160832289e0
1.440000,1.1940421506e-1,1.1913513707e-1,1.7550376485e0,1.7521988054e0,1.4045805384e-2,1.2768546260e-2,1.1650347321e0,1.1614109932e0,1.0764889788e-3,1.0400012459e-3,1.0387489774e0,1.0411690666e0,2.1362456087e-4,1.7632308389e-4,1.0169409805e0,1.0165394793e0
1.460000,1.2090145187e-1,1.2310853537e-1,1.7734665433e0,1.7740402346e0,1.3778042811e-2,1.3390209072e-2,1.1657967995e0,1.1659360224e0,1.1789974630e-3,1.0965773428e-3,1.0406487825e0,1.0423207718e0,1.9754511811e-4,1.8615560069e-4,1.0162802632e0,1.0170021115e0
1.480000,1.2606248138e-1,1.2711081791e-1,1.7939488501e0,1.7962203340e0,1.5362294035e-2,1.4030537981e-2,1.1715254864e0,1.1705240124e0,1.4039054899e-3,1.1553313174e-3,1.0445308743e0,1.0434883725e0,2.2351015299e-4,1.9638656125e-4,1.0173356822e0,1.0174711254e0
1.500000,1.3204591754e-1,1.3113954245e-1,1.8206215297e0,1.8187400842e0,1.4760322187e-2,1.4689652747e-2,1.1736971524e0,1.1751749840e0,3.4789809356e-4,1.2163105849e-3,1.0440219418e0,1.0446718689e0,2.2354151167e-4,2.0702600852e-4,1.0172358492e0,1.0179465212e0
1.520000,1.3558094213e-1,1.3519230255e-1,1.8407310009e0,1.8416004455e0,1.6485790619e-2,1.5367662204e-2,1.1799766049e0,1.1798889579e0,1.4675867551e-3,1.2795625950e-3,1.0456259698e0,1.0458712616e0,2.9590781750e-4,2.1808407274e-4,1.0199947436e0,1.0184282987e0
1.540000,1.4145640008e-1,1.3926673086e-1,1.8588997699e0,1.8648023574e0,1.2869108492e-2,1.6064664256e-2,1.1918322523e0,1.1846659551e0,7.6780910129e-4,1.3451348138e-3,1.0497237149e0,1.0470865508e0,2.3436438433e-4,2.2957096963e-4,1.0176595586e0,1.0189164582e0
1.560000,1.4194724192e-1,1.4336050223e-1,1.8941168653e0,1.8883467370e0,1.7033038039e-2,1.6780745881e-2,1.1893250383e0,1.1895059967e0,1.5752417712e-3,1.4130747046e-3,1.0473409227e0,1.0483177371e0,2.6912963784e-4,2.4149699855e-4,1.0190390049e0,1.0194109995e0
1.580000,1.4861691326e-1,1.4747133635e-1,1.9103845435e0,1.9122344786e0,1.8424668806e-2,1.7515983152e-2,1.1945419126e0,1.1944091038e0,1.5970830943e-3,1.4834297100e-3,1.0476663955e0,1.0495648207e0,2.6842850303e-4,2.5387254074e-4,1.0189301776e0,1.0199119227e0
1.600000,1.5186755780e-1,1.5159700026e-1,1.9330779192e0,1.9364664530e0,1.5790605920e-2,1.8270441280e-2,1.1996503185e0,1.1993752979e0,1.8208879310e-3,1.5562472335e-3,1.0510768876e0,1.0508278022e0,3.4620428956e-4,2.6670805742e-4,1.0216348996e0,1.0204192279e0
1.620000,1.5522882440e-1,1.5573531047e-1,1.9611233678e0,1.9610435061e0,1.7068270227e-2,1.9044174653e-2,1.2088322211e0,1.2044046005e0,1.7138574672e-3,1.6315746212e-3,1.0494996543e0,1.0521066820e0,3.1800846234e-4,2.8001408802e-4,1.0206827612e0,1.0209329150e0
1.640000,1.5851325616e-1,1.5988413482e-1,1.9839659205e0,1.9859664589e0,2.0508368946e-2,1.9837226909e-2,1.2097169445e0,1.2094970332e0,2.1850099301e-3,1.7094591441e-3,1.0563353546e0,1.0534014604e0,3.0675806503e-4,2.9380124822e-4,1.0202869930e0,1.0214529842e0
1.660000,1.6191769903e-1,1.6404139420e-1,2.0077071496e0,2.0112361061e0,2.1538611881e-2,2.0649631005e-2,1.2158590500e0,1.2146526178e0,2.1430028734e-3,1.7899479798e-3,1.0557855504e0,1.0547121380e0,3.3814747353e-4,3.0808022823e-4,1.0214199453e0,1.0219794353e0
1.680000,1.6723454769e-1,1.6820506386e-1,2.0343200989e0,2.0368532157e0,2.0788601468e-2,2.1481409307e-2,1.2187960286e0,1.2198713762e0,2.2697764918e-3,1.8730881954e-3,1.0574326330e0,1.0560387151e0,3.1945658628e-4,3.2286179077e-4,1.0207197243e0,1.0225122686e0
1.700000,1.7225553616e-1,1.7237317459e-1,2.0639554285e0,2.0628185282e0,2.3330453572e-2,2.2332573690e-2,1.2250025794e0,1.2251533304e0,2.1598221629e-3,1.9589267291e-3,1.0559133109e0,1.0573811922e0,3.1233886761e-4,3.3815676932e-4,1.0204408527e0,1.0230514839e0
1.720000,1.7601202919e-1,1.7654381372e-1,2.0854870956e0,2.0891327562e0,2.5022907034e-2,2.3203125646e-2,1.2329244256e0,1.2304985026e0,2.4117281290e-3,2.0475103735e-3,1.0593060343e0,1.0587395698e0,3.9377271943e-4,3.5397606612e-4,1.0230909303e0,1.0235970813e0
1.740000,1.7985342568e-1,1.8071512581e-1,2.1124521204e0,2.1157965835e0,2.5851451142e-2,2.4093056410e-2,1.2369845585e0,1.2359069149e0,2.4123739068e-3,2.1388857583e-3,1.0593716774e0,1.0601138483e0,3.7780563772e-4,3.7033065038e-4,1.0226191163e0,1.0241490609e0
1.760000,1.8505365042e-1,1.8488531319e-1,2.1440373043e0,2.1428106645e0,2.5252223290e-2,2.5002347084e-2,1.2376667465e0,1.2413785898e0,1.8290861206e-3,2.2330993328e-3,1.0609567045e0,1.0615040281e0,-1.3912197630e-3,3.8723155628e-4,1.0267708799e0,1.0247074227e0
1.780000,1.8914233425e-1,1.8905263640e-1,2.1730485645e0,2.1701756238e0,2.7006664183e-2,2.5930968787e-2,1.2423773428e0,1.2469135497e0,2.9907528253e-3,2.3301973494e-3,1.0664734693e0,1.0629101097e0,4.7002738167e-4,4.0468988114e-4,1.0253354890e0,1.0252721667e0
1.800000,1.9377627003e-1,1.9321541434e-1,2.1990627591e0,2.1978920559e0,2.7430899812e-2,2.6878882797e-2,1.2498686930e0,1.2525118172e0,2.3131390531e-3,2.4302258469e-3,1.0664882880e0,1.0643320936e0,4.3035262519e-4,4.2271678345e-4,1.0241524497e0,1.0258432929e0
1.820000,1.9848503355e-1,1.9737202433e-1,2.2255299564e0,2.2259605242e0,2.9654767073e-2,2.7846040715e-2,1.2587046231e0,1.2581734148e0,2.3768065993e-3,2.5332306342e-3,1.0670639404e0,1.0657699802e0,5.3039722917e-4,4.4132348098e-4,1.0270334837e0,1.0264208014e0
1.840000,2.0277770749e-1,2.0152090204e-1,2.2551190817e0,2.2543815610e0,2.9446532681e-2,2.8832384634e-2,1.2626423715e0,1.2638983653e0,2.2283260205e-3,2.6392572735e-3,1.0724598631e0,1.0672237700e0,7.4164774395e-4,4.6052124883e-4,1.0320559983e0,1.0270046922e0
1.860000,2.0666516263e-1,2.0566054124e-1,2.2835390151e0,2.2831556669e0,2.9341987077e-2,2.9837847305e-2,1.2671174271e0,1.2696866915e0,3.3478760612e-3,2.7483510648e-3,1.0705602947e0,1.0686934635e0,6.6935687480e-4,4.8032141753e-4,1.0304426372e0,1.0275949653e0
1.880000,2.1079925873e-1,2.0978949349e-1,2.3132828170e0,2.3122833105e0,3.2078412106e-2,3.0862352330e-2,1.2765157570e0,1.2755384163e0,3.1019536056e-3,2.8605570300e-3,1.0676944831e0,1.0701790612e0,5.7486355561e-4,5.0073537105e-4,1.0280242803e0,1.0281916208e0
1.900000,2.1452231566e-1,2.1390636763e-1,2.3423174059e0,2.3417649284e0,3.1678201152e-2,3.1905814340e-2,1.2797417409e0,1.2814535626e0,3.3315709303e-3,2.9759198970e-3,1.0703170457e0,1.0716805636e0,5.7802781628e-4,5.2177454493e-4,1.0281329127e0,1.0287946587e0
1.920000,2.1807587968e-1,2.1800982925e-1,2.3732429064e0,2.3716009241e0,3.1098287186e-2,3.2968139201e-2,1.2871204529e0,1.2874321535e0,3.8729679175e-3,3.0944840846e-3,1.0763318935e0,1.0731979711e0,5.5108323667e-4,5.4345042429e-4,1.0274324538e0,1.0294040790e0
1.940000,2.2259550606e-1,2.2209860004e-1,2.4020572581e0,2.4017916688e0,3.1433390582e-2,3.4049224202e-2,1.2950939518e0,1.2934742120e0,3.7825460409e-3,3.2162936874e-3,1.0754239639e0,1.0747312842e0,7.1422121795e-4,5.6577454187e-4,1.0313980443e0,1.0300198818e0
1.960000,2.2552394497e-1,2.2617145704e-1,2.4354634360e0,2.4323375004e0,3.6473018418e-2,3.5148958271e-2,1.2954347089e0,1.2995797613e0,3.7227722557e-3,3.3413924607e-3,1.0746163819e0,1.0762805034e0,-7.9359462631e-4,5.8875847613e-4,1.0319104163e0,1.0306420672e0
1.980000,2.2947916879e-1,2.3022723184e-1,2.4559052741e0,2.4632387239e0,3.8444293644e-2,3.6267222181e-2,1.3051436730e0,1.3057488245e0,4.0954242788e-3,3.4698238062e-3,1.0785431361e0,1.0778456293e0,8.7400293497e-4,6.1241384924e-4,1.0348445564e0,1.0312706350e0
2.000000,2.3499692776e-1,2.3426480967e-1,2.5000101290e0,2.4944956108e0,3.8455110180e-2,3.7403888762e-2,1.3072347013e0,1.3119814250e0,4.0128162195e-3,3.6016307571e-3,1.0776333409e0,1.0794266624e0,8.6509811075e-4,6.3675232518e-4,1.0346707807e0,1.0319055854e0
