lambda,n_omega50,n_over_eta_omega50,n_omega100,n_over_eta_omega100,n_omega500,n_over_eta_omega500,n_omega1000,n_over_eta_omega1000
0.10000000,0.0001922366,0.0000038447,0.0000980300,0.0000009803,0.0000199202,0.0000000398,0.0000099800,0.0000000100
0.12481203,0.0002994698,0.0000059894,0.0001527117,0.0000015271,0.0000310318,0.0000000621,0.0000155469,0.0000000155
0.14962406,0.0004303756,0.0000086075,0.0002194644,0.0000021946,0.0000445961,0.0000000892,0.0000223427,0.0000000223
0.17443609,0.0005849554,0.0000116991,0.0002982876,0.0000029829,0.0000606132,0.0000001212,0.0000303673,0.0000000304
0.19924812,0.0007632113,0.0000152642,0.0003891818,0.0000038918,0.0000790829,0.0000001582,0.0000396205,0.0000000396
0.22406015,0.0009651449,0.0000193029,0.0004921473,0.0000049215,0.0001000056,0.0000002000,0.0000501029,0.0000000501
0.24887218,0.0011907592,0.0000238152,0.0006071843,0.0000060718,0.0001233807,0.0000002468,0.0000618138,0.0000000618
0.27368421,0.0014400558,0.0000288011,0.0007342934,0.0000073429,0.0001492088,0.0000002984,0.0000747535,0.0000000748
0.29849624,0.0017130384,0.0000342608,0.0008734745,0.0000087347,0.0001774894,0.0000003550,0.0000889221,0.0000000889
0.32330827,0.0020097093,0.0000401942,0.0010247281,0.0000102473,0.0002082229,0.0000004164,0.0001043195,0.0000001043
0.34812030,0.0023300728,0.0000466015,0.0011880554,0.0000118806,0.0002414091,0.0000004828,0.0001209458,0.0000001209
0.37293233,0.0026741317,0.0000534826,0.0013634557,0.0000136346,0.0002770481,0.0000005541,0.0001388009,0.0000001388
0.39774436,0.0030418900,0.0000608378,0.0015509302,0.0000155093,0.0003151401,0.0000006303,0.0001578847,0.0000001579
0.42255639,0.0034333530,0.0000686671,0.0017504791,0.0000175048,0.0003556843,0.0000007114,0.0001781975,0.0000001782
0.44736842,0.0038485239,0.0000769705,0.0019621039,0.0000196210,0.0003986824,0.0000007974,0.0001997386,0.0000001997
0.47218045,0.0042874071,0.0000857481,0.0021858038,0.0000218580,0.0004441320,0.0000008883,0.0002225093,0.0000002225
0.49699248,0.0047500070,0.0000950001,0.0024215807,0.0000242158,0.0004920349,0.0000009841,0.0002465085,0.0000002465
0.52180451,0.0052363309,0.0001047266,0.0026694345,0.0000266943,0.0005423900,0.0000010848,0.0002717365,0.0000002717
0.54661654,0.0057463846,0.0001149277,0.0029293660,0.0000292937,0.0005951995,0.0000011904,0.0002981933,0.0000002982
0.57142857,0.0062801697,0.0001256034,0.0032013764,0.0000320138,0.0006504602,0.0000013009,0.0003258790,0.0000003259
0.59624060,0.0068376958,0.0001367539,0.0034854657,0.0000348547,0.0007081742,0.0000014163,0.0003547936,0.0000003548
0.62105263,0.0074189684,0.0001483794,0.0037816355,0.0000378164,0.0007683416,0.0000015367,0.0003849367,0.0000003849
0.64586466,0.0080239923,0.0001604798,0.0040898859,0.0000408989,0.0008309613,0.0000016619,0.0004163088,0.0000004163
0.67067669,0.0086527754,0.0001730555,0.0044102188,0.0000441022,0.0008960335,0.0000017921,0.0004489098,0.0000004489
0.69548872,0.0093053263,0.0001861065,0.0047426340,0.0000474263,0.0009635585,0.0000019271,0.0004827395,0.0000004827
0.72030075,0.0099816486,0.0001996330,0.0050871318,0.0000508713,0.0010335371,0.0000020671,0.0005177979,0.0000005178
0.74511278,0.0106817510,0.0002136350,0.0054437171,0.0000544372,0.0011059682,0.0000022119,0.0005540854,0.0000005541
0.76992481,0.0114056421,0.0002281128,0.0058123877,0.0000581239,0.0011808515,0.0000023617,0.0005916016,0.0000005916
0.79473684,0.0121533290,0.0002430666,0.0061931432,0.0000619314,0.0012581885,0.0000025164,0.0006303469,0.0000006303
0.81954887,0.0129248197,0.0002584964,0.0065859870,0.0000658599,0.0013379778,0.0000026760,0.0006703205,0.0000006703
0.84436090,0.0137201242,0.0002744025,0.0069909199,0.0000699092,0.0014202203,0.0000028404,0.0007115236,0.0000007115
0.86917293,0.0145392480,0.0002907850,0.0074079440,0.0000740794,0.0015049155,0.0000030098,0.0007539552,0.0000007540
0.89398496,0.0153822016,0.0003076440,0.0078370575,0.0000783706,0.0015920638,0.0000031841,0.0007976156,0.0000007976
0.91879699,0.0162489935,0.0003249799,0.0082782643,0.0000827826,0.0016816652,0.0000033633,0.0008425049,0.0000008425
0.94360902,0.0171396326,0.0003427927,0.0087315657,0.0000873157,0.0017737192,0.0000035474,0.0008886230,0.0000008886
0.96842105,0.0180541297,0.0003610826,0.0091969612,0.0000919696,0.0018682264,0.0000037365,0.0009359701,0.0000009360
0.99323308,0.0189924927,0.0003798499,0.0096744524,0.0000967445,0.0019651862,0.0000039304,0.0009845458,0.0000009845
1.01804511,0.0199547324,0.0003990946,0.0101640423,0.0001016404,0.0020645989,0.0000041292,0.0010343500,0.0000010344
1.04285714,0.0209408586,0.0004188172,0.0106657311,0.0001066573,0.0021664652,0.0000043329,0.0010853842,0.0000010854
1.06766917,0.0219508802,0.0004390176,0.0111795201,0.0001117952,0.0022707841,0.0000045416,0.0011376462,0.0000011376
1.09248120,0.0229848088,0.0004596962,0.0117054095,0.0001170541,0.0023775559,0.0000047551,0.0011911374,0.0000011911
1.11729323,0.0240426586,0.0004808532,0.0122434032,0.0001224340,0.0024867799,0.0000049736,0.0012458574,0.0000012459
1.14210526,0.0251244299,0.0005024886,0.0127935011,0.0001279350,0.0025984584,0.0000051969,0.0013018066,0.0000013018
1.16691729,0.0262301420,0.0005246028,0.0133557045,0.0001335570,0.0027125893,0.0000054252,0.0013589845,0.0000013590
1.19172932,0.0273598059,0.0005471961,0.0139300158,0.0001393002,0.0028291736,0.0000056583,0.0014173908,0.0000014174
1.21654135,0.0285134311,0.0005702686,0.0145164381,0.0001451644,0.0029482111,0.0000058964,0.0014770267,0.0000014770
1.24135338,0.0296910286,0.0005938206,0.0151149699,0.0001511497,0.0030697018,0.0000061394,0.0015378901,0.0000015379
1.26616541,0.0308926110,0.0006178522,0.0157256173,0.0001572562,0.0031936441,0.0000063873,0.0015999835,0.0000016000
1.29097744,0.0321181893,0.0006423638,0.0163483728,0.0001634837,0.0033200414,0.0000066401,0.0016633060,0.0000016633
1.31578947,0.0333677763,0.0006673555,0.0169832464,0.0001698325,0.0034488903,0.0000068978,0.0017278564,0.0000017279
1.34060150,0.0346413857,0.0006928277,0.0176302381,0.0001763024,0.0035801921,0.0000071604,0.0017936362,0.0000017936
1.36541353,0.0359390245,0.0007187805,0.0182893489,0.0001828935,0.0037139478,0.0000074279,0.0018606448,0.0000018606
1.39022556,0.0372607102,0.0007452142,0.0189605820,0.0001896058,0.0038501573,0.0000077003,0.0019288826,0.0000019289
1.41503759,0.0386064533,0.0007721291,0.0196439344,0.0001964393,0.0039888193,0.0000079776,0.0019983488,0.0000019983
1.43984962,0.0399762668,0.0007995253,0.0203394137,0.0002033941,0.0041299348,0.0000082599,0.0020690438,0.0000020690
1.46466165,0.0413701615,0.0008274032,0.0210470181,0.0002104702,0.0042735028,0.0000085470,0.0021409680,0.0000021410
1.48947368,0.0427881585,0.0008557632,0.0217667485,0.0002176675,0.0044195249,0.0000088390,0.0022141203,0.0000022141
1.51428571,0.0442302570,0.0008846051,0.0224986143,0.0002249861,0.0045679986,0.0000091360,0.0022885029,0.0000022885
1.53909774,0.0456964849,0.0009139297,0.0232426095,0.0002324261,0.0047189266,0.0000094379,0.0023641131,0.0000023641
1.56390977,0.0471868411,0.0009437368,0.0239987377,0.0002399874,0.0048723090,0.0000097446,0.0024409533,0.0000024410
1.58872180,0.0487013519,0.0009740270,0.0247670025,0.0002476700,0.0050281434,0.0000100563,0.0025190219,0.0000025190
1.61353383,0.0502400274,0.0010048005,0.0255474062,0.0002554741,0.0051864314,0.0000103729,0.0025983194,0.0000025983
1.63834586,0.0518028768,0.0010360575,0.0263399483,0.0002633995,0.0053471730,0.0000106943,0.0026788451,0.0000026788
1.66315789,0.0533899183,0.0010677984,0.0271446322,0.0002714463,0.0055103676,0.0000110207,0.0027606009,0.0000027606
1.68796992,0.0550011615,0.0011000232,0.0279614602,0.0002796146,0.0056760161,0.0000113520,0.0028435853,0.0000028436
1.71278195,0.0566366259,0.0011327325,0.0287904357,0.0002879044,0.0058441171,0.0000116882,0.0029277974,0.0000029278
1.73759398,0.0582963171,0.0011659263,0.0296315555,0.0002963156,0.0060146700,0.0000120293,0.0030132392,0.0000030132
1.76240602,0.0599802599,0.0011996052,0.0304848284,0.0003048483,0.0061876801,0.0000123754,0.0030999109,0.0000030999
1.78721805,0.0616884624,0.0012337692,0.0313502519,0.0003135025,0.0063631417,0.0000127263,0.0031878099,0.0000031878
1.81203008,0.0634209420,0.0012684188,0.0322278303,0.0003222783,0.0065410571,0.0000130821,0.0032769387,0.0000032769
1.83684211,0.0651777090,0.0013035542,0.0331175649,0.0003311756,0.0067214264,0.0000134429,0.0033672964,0.0000033673
1.86165414,0.0669587716,0.0013391754,0.0340194603,0.0003401946,0.0069042483,0.0000138085,0.0034588830,0.0000034589
1.88646617,0.0687641614,0.0013752832,0.0349335146,0.0003493351,0.0070895243,0.0000141790,0.0035516981,0.0000035517
1.91127820,0.0705938873,0.0014118777,0.0358597338,0.0003585973,0.0072772524,0.0000145545,0.0036457419,0.0000036457
1.93609023,0.0724479627,0.0014489593,0.0367981182,0.0003679812,0.0074674341,0.0000149349,0.0037410155,0.0000037410
1.96090226,0.0743263900,0.0014865278,0.0377486704,0.0003774867,0.0076600723,0.0000153201,0.0038375175,0.0000038375
1.98571429,0.0762292005,0.0015245840,0.0387113875,0.0003871139,0.0078551621,0.0000157103,0.0039352485,0.0000039352
2.01052632,0.0781563938,0.0015631279,0.0396862808,0.0003968628,0.0080527064,0.0000161054,0.0040342093,0.0000040342
2.03533835,0.0801079989,0.0016021600,0.0406733501,0.0004067335,0.0082527043,0.0000165054,0.0041343975,0.0000041344
2.06015038,0.0820840298,0.0016416806,0.0416725962,0.0004167260,0.0084551548,0.0000169103,0.0042358154,0.0000042358
2.08496241,0.0840844944,0.0016816899,0.0426840198,0.0004268402,0.0086600590,0.0000173201,0.0043384621,0.0000043385
2.10977444,0.0861094174,0.0017221883,0.0437076215,0.0004370762,0.0088674163,0.0000177348,0.0044423381,0.0000044423
2.13458647,0.0881587911,0.0017631758,0.0447434135,0.0004474341,0.0090772296,0.0000181545,0.0045474427,0.0000045474
2.15939850,0.0902326507,0.0018046530,0.0457913931,0.0004579139,0.0092894962,0.0000185790,0.0046537758,0.0000046538
2.18421053,0.0923310117,0.0018466202,0.0468515570,0.0004685156,0.0095042148,0.0000190084,0.0047613388,0.0000047613
2.20902256,0.0944538686,0.0018890774,0.0479239145,0.0004792391,0.0097213889,0.0000194428,0.0048701306,0.0000048701
2.23383459,0.0966012697,0.0019320254,0.0490084684,0.0004900847,0.0099410153,0.0000198820,0.0049801506,0.0000049802
2.25864662,0.0987732012,0.0019754640,0.0501052117,0.0005010521,0.0101630976,0.0000203262,0.0050913996,0.0000050914
2.28345865,0.1009696968,0.0020193939,0.0512141571,0.0005121416,0.0103876328,0.0000207753,0.0052038786,0.0000052039
2.30827068,0.1031907390,0.0020638148,0.0523353008,0.0005233530,0.0106146220,0.0000212292,0.0053175858,0.0000053176
2.33308271,0.1054363890,0.0021087278,0.0534686561,0.0005346866,0.0108440647,0.0000216881,0.0054325221,0.0000054325
2.35789474,0.1077066289,0.0021541326,0.0546142109,0.0005461421,0.0110759629,0.0000221519,0.0055486869,0.0000055487
2.38270677,0.1100014786,0.0022000296,0.0557719753,0.0005577198,0.0113103130,0.0000226206,0.0056660822,0.0000056661
2.40751880,0.1123209736,0.0022464195,0.0569419546,0.0005694195,0.0115471180,0.0000230942,0.0057847053,0.0000057847
2.43233083,0.1146651032,0.0022933021,0.0581241420,0.0005812414,0.0117863761,0.0000235728,0.0059045574,0.0000059046
2.45714286,0.1170338786,0.0023406776,0.0593185494,0.0005931855,0.0120280897,0.0000240562,0.0060256390,0.0000060256
2.48195489,0.1194273404,0.0023885468,0.0605251761,0.0006052518,0.0122722574,0.0000245445,0.0061479475,0.0000061479
2.50676692,0.1218454843,0.0024369097,0.0617440201,0.0006174402,0.0125188778,0.0000250378,0.0062714872,0.0000062715
2.53157895,0.1242883247,0.0024857665,0.0629750915,0.0006297509,0.0127679543,0.0000255359,0.0063962565,0.0000063963
2.55639098,0.1267559009,0.0025351180,0.0642183939,0.0006421839,0.0130194831,0.0000260390,0.0065222535,0.0000065223
2.58120301,0.1292481907,0.0025849638,0.0654739180,0.0006547392,0.0132734682,0.0000265469,0.0066494794,0.0000066495
2.60601504,0.1317652315,0.0026353046,0.0667416744,0.0006674167,0.0135299062,0.0000270598,0.0067779353,0.0000067779
2.63082707,0.1343070223,0.0026861404,0.0680216686,0.0006802167,0.0137887983,0.0000275776,0.0069076189,0.0000069076
2.65563910,0.1368735939,0.0027374719,0.0693138969,0.0006931390,0.0140501453,0.0000281003,0.0070385321,0.0000070385
2.68045113,0.1394649604,0.0027892992,0.0706183660,0.0007061837,0.0143139463,0.0000286279,0.0071706743,0.0000071707
2.70526316,0.1420811229,0.0028416225,0.0719350787,0.0007193508,0.0145802020,0.0000291604,0.0073040453,0.0000073040
2.73007519,0.1447220950,0.0028944419,0.0732640374,0.0007326404,0.0148489117,0.0000296978,0.0074386459,0.0000074386
2.75488722,0.1473878954,0.0029477579,0.0746052401,0.0007460524,0.0151200758,0.0000302402,0.0075744758,0.0000075745
2.77969925,0.1500785443,0.0030015709,0.0759586976,0.0007595870,0.0153936951,0.0000307874,0.0077115341,0.0000077115
2.80451128,0.1527940525,0.0030558810,0.0773244056,0.0007732441,0.0156697669,0.0000313395,0.0078498214,0.0000078498
2.82932331,0.1555344140,0.0031106883,0.0787023668,0.0007870237,0.0159482953,0.0000318966,0.0079893381,0.0000079893
2.85413534,0.1582996679,0.0031659934,0.0800925911,0.0008009259,0.0162292774,0.0000324586,0.0081300820,0.0000081301
2.87894737,0.1610898131,0.0032217963,0.0814950767,0.0008149508,0.0165127152,0.0000330254,0.0082720585,0.0000082721
2.90375940,0.1639048814,0.0032780976,0.0829098201,0.0008290982,0.0167986050,0.0000335972,0.0084152607,0.0000084153
2.92857143,0.1667448740,0.0033348975,0.0843368364,0.0008433684,0.0170869513,0.0000341739,0.0085596927,0.0000085597
2.95338346,0.1696097679,0.0033921954,0.0857761127,0.0008577611,0.0173777519,0.0000347555,0.0087053556,0.0000087054
2.97819549,0.1724996359,0.0034499927,0.0872276715,0.0008722767,0.0176710079,0.0000353420,0.0088522456,0.0000088522
3.00300752,0.1754144616,0.0035082892,0.0886914929,0.0008869149,0.0179667171,0.0000359334,0.0090003664,0.0000090004
3.02781955,0.1783542549,0.0035670851,0.0901676016,0.0009016760,0.0182648815,0.0000365298,0.0091497148,0.0000091497
3.05263158,0.1813190353,0.0036263807,0.0916559817,0.0009165598,0.0185655018,0.0000371310,0.0093002937,0.0000093003
3.07744361,0.1843088134,0.0036861763,0.0931566514,0.0009315665,0.0188685754,0.0000377372,0.0094521005,0.0000094521
3.10225564,0.1873235983,0.0037464720,0.0946696043,0.0009466960,0.0191741049,0.0000383482,0.0096051365,0.0000096051
3.12706767,0.1903634062,0.0038072681,0.0961948400,0.0009619484,0.0194820891,0.0000389642,0.0097594013,0.0000097594
3.15187970,0.1934282482,0.0038685650,0.0977323715,0.0009773237,0.0197925280,0.0000395851,0.0099148967,0.0000099149
3.17669173,0.1965181306,0.0039303626,0.0992821954,0.0009928220,0.0201054204,0.0000402108,0.0100716193,0.0000100716
3.20150376,0.1996330754,0.0039926615,0.1008443170,0.0010084432,0.0204207706,0.0000408415,0.0102295722,0.0000102296
3.22631579,0.2027730814,0.0040554616,0.1024187327,0.0010241873,0.0207385757,0.0000414772,0.0103887534,0.0000103888
3.25112782,0.2059381657,0.0041187633,0.1040054418,0.0010400544,0.0210588337,0.0000421177,0.0105491646,0.0000105492
3.27593985,0.2091283388,0.0041825668,0.1056044684,0.0010560447,0.0213815483,0.0000427631,0.0107108046,0.0000107108
3.30075188,0.2123436124,0.0042468722,0.1072157967,0.0010721580,0.0217067169,0.0000434134,0.0108736736,0.0000108737
3.32556391,0.2155839965,0.0043116799,0.1088394322,0.0010883943,0.0220343409,0.0000440687,0.0110377718,0.0000110378
3.35037594,0.2188495014,0.0043769900,0.1104753853,0.0011047539,0.0223644211,0.0000447288,0.0112030988,0.0000112031
3.37518797,0.2221401361,0.0044428027,0.1121236438,0.0011212364,0.0226969562,0.0000453939,0.0113696555,0.0000113697
3.40000000,0.2254559131,0.0045091183,0.1137842252,0.0011378423,0.0230319438,0.0000460639,0.0115374424,0.0000115374
3.42481203,0.2287968387,0.0045759368,0.1154571242,0.0011545712,0.0233693921,0.0000467388,0.0117064567,0.0000117065
3.44962406,0.2321629264,0.0046432585,0.1171423370,0.0011714234,0.0237092910,0.0000474186,0.0118766996,0.0000118767
3.47443609,0.2355541827,0.0047110837,0.1188398850,0.0011883989,0.0240516469,0.0000481033,0.0120481734,0.0000120482
3.49924812,0.2389706187,0.0047794124,0.1205497613,0.0012054976,0.0243964594,0.0000487929,0.0122208743,0.0000122209
3.52406015,0.2424122418,0.0048482448,0.1222719674,0.0012227197,0.0247437240,0.0000494874,0.0123948063,0.0000123948
3.54887218,0.2458790628,0.0049175813,0.1240064997,0.0012400650,0.0250934474,0.0000501869,0.0125699678,0.0000125700
3.57368421,0.2493684090,0.0049873682,0.1257533688,0.0012575337,0.0254456259,0.0000508913,0.0127463562,0.0000127464
3.59849624,0.2528883306,0.0050577666,0.1275125767,0.0012751258,0.0258002597,0.0000516005,0.0129239749,0.0000129240
3.62330827,0.2564307932,0.0051286159,0.1292841206,0.0012928412,0.0261573475,0.0000523147,0.0131028235,0.0000131028
3.64812030,0.2599984886,0.0051999698,0.1310680123,0.0013106801,0.0265168917,0.0000530338,0.0132829003,0.0000132829
3.67293233,0.2635914200,0.0052718284,0.1328642568,0.0013286426,0.0268788919,0.0000537578,0.0134642069,0.0000134642
3.69774436,0.2672095986,0.0053441920,0.1346728317,0.0013467283,0.0272433476,0.0000544867,0.0136467421,0.0000136467
3.72255639,0.2708530320,0.0054170606,0.1364937739,0.0013649377,0.0276102586,0.0000552205,0.0138305086,0.0000138305
3.74736842,0.2745217249,0.0054904345,0.1383270598,0.0013832706,0.0279796260,0.0000559593,0.0140155019,0.0000140155
3.77218045,0.2782156873,0.0055643137,0.1401727081,0.0014017271,0.0283514507,0.0000567029,0.0142017245,0.0000142017
3.79699248,0.2819349240,0.0056386985,0.1420307068,0.0014203071,0.0287257262,0.0000574515,0.0143891776,0.0000143892
3.82180451,0.2856794449,0.0057135889,0.1439010710,0.0014390107,0.0291024631,0.0000582049,0.0145778600,0.0000145779
3.84661654,0.2894492576,0.0057889852,0.1457837898,0.0014578379,0.0294816518,0.0000589633,0.0147677710,0.0000147678
3.87142857,0.2932443601,0.0058648872,0.1476788859,0.0014767889,0.0298633005,0.0000597266,0.0149589091,0.0000149589
3.89624060,0.2970647623,0.0059412952,0.1495863406,0.0014958634,0.0302474032,0.0000604948,0.0151512802,0.0000151513
3.92105263,0.3009104698,0.0060182094,0.1515061694,0.0015150617,0.0306339601,0.0000612679,0.0153448785,0.0000153449
3.94586466,0.3047814922,0.0060956298,0.1534383731,0.0015343837,0.0310229777,0.0000620460,0.0155397072,0.0000155397
3.97067669,0.3086778326,0.0061735567,0.1553829335,0.0015538293,0.0314144475,0.0000628289,0.0157357620,0.0000157358
3.99548872,0.3125994860,0.0062519897,0.1573398952,0.0015733990,0.0318083745,0.0000636167,0.0159330495,0.0000159330
4.02030075,0.3165464708,0.0063309294,0.1593092306,0.0015930923,0.0322047600,0.0000644095,0.0161315650,0.0000161316
4.04511278,0.3205187901,0.0064103758,0.1612909494,0.0016129095,0.0326035960,0.0000652072,0.0163313098,0.0000163313
4.06992481,0.3245164536,0.0064903291,0.1632850363,0.0016328504,0.0330048940,0.0000660098,0.0165322846,0.0000165323
4.09473684,0.3285394526,0.0065707891,0.1652915251,0.0016529153,0.0334086445,0.0000668173,0.0167344879,0.0000167345
4.11954887,0.3325878044,0.0066517561,0.1673103915,0.0016731039,0.0338148523,0.0000676297,0.0169379201,0.0000169379
4.14436090,0.3366614892,0.0067332298,0.1693416623,0.0016934166,0.0342235172,0.0000684470,0.0171425820,0.0000171426
4.16917293,0.3407605349,0.0068152107,0.1713853280,0.0017138533,0.0346346362,0.0000692693,0.0173484745,0.0000173485
4.19398496,0.3448849395,0.0068976988,0.1734413803,0.0017344138,0.0350482169,0.0000700964,0.0175555960,0.0000175556
4.21879699,0.3490347030,0.0069806941,0.1755098286,0.0017550983,0.0354642508,0.0000709285,0.0177639452,0.0000177639
4.24360902,0.3532098119,0.0070641962,0.1775906800,0.0017759068,0.0358827411,0.0000717655,0.0179735237,0.0000179735
4.26842105,0.3574103170,0.0071482063,0.1796839538,0.0017968395,0.0363036888,0.0000726074,0.0181843328,0.0000181843
4.29323308,0.3616361784,0.0072327236,0.1817896019,0.0018178960,0.0367270927,0.0000734542,0.0183963714,0.0000183964
4.31804511,0.3658874070,0.0073177481,0.1839076660,0.0018390767,0.0371529536,0.0000743059,0.0186096389,0.0000186096
4.34285714,0.3701640079,0.0074032802,0.1860381507,0.0018603815,0.0375812702,0.0000751625,0.0188241342,0.0000188241
4.36766917,0.3744659899,0.0074893198,0.1881810322,0.0018818103,0.0380120439,0.0000760241,0.0190398612,0.0000190399
4.39248120,0.3787933403,0.0075758668,0.1903363248,0.0019033632,0.0384452753,0.0000768906,0.0192568168,0.0000192568
4.41729323,0.3831460726,0.0076629215,0.1925040598,0.0019250406,0.0388809588,0.0000777619,0.0194750006,0.0000194750
4.44210526,0.3875241836,0.0077504837,0.1946841809,0.0019468418,0.0393191073,0.0000786382,0.0196944155,0.0000196944
4.46691729,0.3919276754,0.0078385535,0.1968767331,0.0019687673,0.0397597085,0.0000795194,0.0199150589,0.0000199151
4.49172932,0.3963565455,0.0079271309,0.1990817013,0.0019908170,0.0402027678,0.0000804055,0.0201369317,0.0000201369
4.51654135,0.4008108022,0.0080162160,0.2012990983,0.0020129910,0.0406482871,0.0000812966,0.0203600331,0.0000203600
4.54135338,0.4052904409,0.0081058088,0.2035289223,0.0020352892,0.0410962571,0.0000821925,0.0205843646,0.0000205844
4.56616541,0.4097954697,0.0081959094,0.2057711726,0.0020577117,0.0415466872,0.0000830934,0.0208099262,0.0000208099
4.59097744,0.4143258655,0.0082865173,0.2080258491,0.0020802585,0.0419995712,0.0000839991,0.0210367154,0.0000210367
4.61578947,0.4188816574,0.0083776331,0.2102929642,0.0021029296,0.0424549158,0.0000849098,0.0212647366,0.0000212647
4.64060150,0.4234628228,0.0084692565,0.2125725046,0.0021257250,0.0429127181,0.0000858254,0.0214939859,0.0000214940
4.66541353,0.4280693744,0.0085613875,0.2148644828,0.0021486448,0.0433729752,0.0000867460,0.0217244637,0.0000217245
4.69022556,0.4327013060,0.0086540261,0.2171688978,0.0021716890,0.0438356911,0.0000876714,0.0219561725,0.0000219562
4.71503759,0.4373586198,0.0087471724,0.2194857531,0.0021948575,0.0443008633,0.0000886017,0.0221891087,0.0000221891
4.73984962,0.4420413180,0.0088408264,0.2218150448,0.0022181504,0.0447684958,0.0000895370,0.0224232762,0.0000224233
4.76466165,0.4467493897,0.0089349878,0.2241567808,0.0022415678,0.0452385833,0.0000904772,0.0226586726,0.0000226587
4.78947368,0.4514828389,0.0090296568,0.2265109609,0.0022651096,0.0457111281,0.0000914223,0.0228952994,0.0000228953
4.81428571,0.4562416624,0.0091248332,0.2288775247,0.0022887752,0.0461861315,0.0000923723,0.0231331544,0.0000231332
4.83909774,0.4610258611,0.0092205172,0.2312566604,0.0023125666,0.0466635917,0.0000933272,0.0233722396,0.0000233722
4.86390977,0.4658357762,0.0093167155,0.2337855662,0.0023378557,0.0471435102,0.0000942870,0.0236125521,0.0000236126
4.88872180,0.4706703686,0.0094134074,0.2360521540,0.0023605215,0.0476258861,0.0000952518,0.0238540961,0.0000238541
4.91353383,0.4755306759,0.0095106135,0.2384685789,0.0023846858,0.0481107203,0.0000962214,0.0240968699,0.0000240969
4.93834586,0.4804163432,0.0096083269,0.2408974578,0.0024089746,0.0485980102,0.0000971960,0.0243408736,0.0000243409
4.96315789,0.4853273801,0.0097065476,0.2433387927,0.0024333879,0.0490877617,0.0000981755,0.0245861048,0.0000245861
4.98796992,0.4902637664,0.0098052753,0.2457925841,0.0024579258,0.0495799669,0.0000991599,0.0248325659,0.0000248326
5.01278195,0.4952255127,0.0099045103,0.2482588344,0.0024825883,0.0500746317,0.0001001493,0.0250802562,0.0000250803
5.03759398,0.5002126106,0.0100042522,0.2507375448,0.0025073754,0.0505717518,0.0001011435,0.0253291776,0.0000253292
5.06240602,0.5052250524,0.0101045010,0.2532287169,0.0025322872,0.0510713375,0.0001021427,0.0255793272,0.0000255793
5.08721805,0.5102628512,0.0102052570,0.2557323520,0.0025573235,0.0515733744,0.0001031467,0.0258307080,0.0000258307
5.11203008,0.5153259864,0.0103065197,0.2582484521,0.0025824845,0.0520778708,0.0001041557,0.0260833154,0.0000260833
5.13684211,0.5204144554,0.0104082891,0.2607770173,0.0026077702,0.0525848252,0.0001051697,0.0263371544,0.0000263372
5.16165414,0.5255282649,0.0105105653,0.2633180508,0.0026331805,0.0530942372,0.0001061885,0.0265922228,0.0000265922
5.18646617,0.5306674003,0.0106133480,0.2658715521,0.0026587155,0.0536061076,0.0001072122,0.0268485210,0.0000268485
5.21127820,0.5358318617,0.0107166372,0.2684375810,0.0026843758,0.0541204397,0.0001082409,0.0271060490,0.0000271060
5.23609023,0.5410216418,0.0108204328,0.2710159132,0.0027101591,0.0546372291,0.0001092745,0.0273648035,0.0000273648
5.26090226,0.5462367399,0.0109247348,0.2736068817,0.0027360688,0.0551564741,0.0001103129,0.0276247928,0.0000276248
5.28571429,0.5514771502,0.0110295430,0.2762102730,0.0027621027,0.0556781805,0.0001113564,0.0278860078,0.0000278860
5.31052632,0.5567428632,0.0111348573,0.2788260914,0.0027882609,0.0562023404,0.0001124047,0.0281484540,0.0000281485
5.33533835,0.5620338828,0.0112406777,0.2814544746,0.0028145447,0.0567289610,0.0001134579,0.0284121294,0.0000284121
5.36015038,0.5673501945,0.0113470039,0.2840952959,0.0028409530,0.0572580431,0.0001145161,0.0286770326,0.0000286770
5.38496241,0.5726917993,0.0114538360,0.2867485933,0.0028674859,0.0577895813,0.0001155792,0.0289431676,0.0000289432
5.40977444,0.5780586882,0.0115611738,0.2894143660,0.0028941437,0.0583235786,0.0001166472,0.0292105319,0.0000292105
5.43458647,0.5834508573,0.0116690171,0.2920926553,0.0029209266,0.0588600344,0.0001177201,0.0294791260,0.0000294791
5.45939850,0.5888683055,0.0117773661,0.2947833681,0.0029478337,0.0593989513,0.0001187979,0.0297489495,0.0000297489
5.48421053,0.5943110112,0.0118862202,0.2974865725,0.0029748657,0.0599403224,0.0001198806,0.0300200014,0.0000300200
5.50902256,0.5997789846,0.0119955797,0.3002022910,0.0030020229,0.0604841561,0.0001209683,0.0302922830,0.0000302923
5.53383459,0.6052722140,0.0121054443,0.3029304685,0.0030293047,0.0610304469,0.0001220609,0.0305657963,0.0000305658
5.55864662,0.6107906912,0.0122158138,0.3056711591,0.0030567116,0.0615791959,0.0001231584,0.0308405385,0.0000308405
5.58345865,0.6163344128,0.0123266883,0.3084243288,0.0030842433,0.0621304039,0.0001242608,0.0311165085,0.0000311165
5.60827068,0.6219033757,0.0124380675,0.3111899803,0.0031118998,0.0626840711,0.0001253681,0.0313937105,0.0000313937
5.63308271,0.6274975656,0.0125499513,0.3139681194,0.0031396812,0.0632401986,0.0001264804,0.0316721413,0.0000316721
5.65789474,0.6331169823,0.0126623396,0.3167587505,0.0031675875,0.0637987853,0.0001275976,0.0319518012,0.0000319518
5.68270677,0.6387616136,0.0127752323,0.3195526003,0.0031955260,0.0643598288,0.0001287197,0.0322326920,0.0000322327
5.70751880,0.6444315643,0.0128886313,0.3223774831,0.0032237748,0.0649233336,0.0001298467,0.0325148121,0.0000325148
5.73233083,0.6501265045,0.0130025301,0.3252055687,0.0032520557,0.0654892972,0.0001309786,0.0327981611,0.0000327982
5.75714286,0.6558467476,0.0131169350,0.3280461689,0.0032804617,0.0660577207,0.0001321154,0.0330827391,0.0000330827
5.78195489,0.6615921817,0.0132318436,0.3308992635,0.0033089926,0.0666286025,0.0001332572,0.0333685493,0.0000333685
5.80676692,0.6673627956,0.0133472559,0.3337648412,0.0033376484,0.0672019434,0.0001344039,0.0336555883,0.0000336556
5.83157895,0.6731585891,0.0134631718,0.3366429224,0.0033664292,0.0677777465,0.0001355555,0.0339438575,0.0000339439
5.85639098,0.6789795478,0.0135795910,0.3395334926,0.0033953349,0.0683560055,0.0001367120,0.0342333557,0.0000342334
5.88120301,0.6848256670,0.0136965133,0.3424365645,0.0034243656,0.0689367255,0.0001378735,0.0345240826,0.0000345241
5.90601504,0.6906969416,0.0138139388,0.3453492528,0.0034534925,0.0695199049,0.0001390398,0.0348160403,0.0000348160
5.93082707,0.6965933574,0.0139318671,0.3482801944,0.0034828019,0.0701055461,0.0001402111,0.0351092278,0.0000351092
5.95563910,0.7025147287,0.0140502946,0.3512207623,0.0035122076,0.0706936415,0.0001413873,0.0354036450,0.0000354036
5.98045113,0.7084616049,0.0141692321,0.3541738133,0.0035417381,0.0712842015,0.0001425684,0.0356992903,0.0000356993
6.00526316,0.7144334159,0.0142886683,0.3571393711,0.0035713937,0.0718772168,0.0001437544,0.0359961684,0.0000359962
6.03007519,0.7204303422,0.0144086068,0.3601174262,0.0036011743,0.0724726972,0.0001449454,0.0362942749,0.0000362943
6.05488722,0.7264525028,0.0145290501,0.3631079821,0.0036310798,0.0730706361,0.0001461413,0.0365936116,0.0000365936
6.07969925,0.7324995052,0.0146499901,0.3661110324,0.0036611103,0.0736710324,0.0001473421,0.0368941805,0.0000368942
6.10451128,0.7385717272,0.0147714345,0.3691265942,0.0036912659,0.0742738959,0.0001485478,0.0371959716,0.0000371960
6.12932331,0.7446690371,0.0148933807,0.3721546560,0.0037215466,0.0748792091,0.0001497584,0.0374989992,0.0000374990
6.15413534,0.7507914174,0.0150158283,0.3751952044,0.0037519520,0.0754869859,0.0001509740,0.0378032535,0.0000378033
6.17894737,0.7569387182,0.0151387744,0.3782482659,0.0037824827,0.0760972241,0.0001521944,0.0381087409,0.0000381087
6.20375940,0.7631113789,0.0152622276,0.3813138173,0.0038131382,0.0767099194,0.0001534198,0.0384154558,0.0000384155
6.22857143,0.7693089401,0.0153861788,0.3843918909,0.0038439189,0.0773250798,0.0001546502,0.0387233994,0.0000387234
6.25338346,0.7755315452,0.0155106309,0.3874824477,0.0038748245,0.0779427004,0.0001558854,0.0390325738,0.0000390326
6.27819549,0.7817791835,0.0156355837,0.3905855095,0.0039058551,0.0785627777,0.0001571256,0.0393429784,0.0000393430
6.30300752,0.7880518492,0.0157610370,0.3937010782,0.0039370108,0.0791853129,0.0001583706,0.0396546137,0.0000396546
6.32781955,0.7943495346,0.0158869907,0.3968291439,0.0039682914,0.0798103155,0.0001596206,0.0399674793,0.0000399675
6.35263158,0.8006722294,0.0160134446,0.3999697204,0.0039996972,0.0804377757,0.0001608756,0.0402815735,0.0000402816
6.37744361,0.8070199274,0.0161403985,0.4031227958,0.0040312280,0.0810676988,0.0001621354,0.0405968983,0.0000405969
6.40225564,0.8133926195,0.0162678524,0.4062883694,0.0040628837,0.0817000812,0.0001634002,0.0409134530,0.0000409135
6.42706767,0.8197903721,0.0163958074,0.4094664550,0.0040946645,0.0823349178,0.0001646698,0.0412312370,0.0000412312
6.45187970,0.8262129510,0.0165242590,0.4126570412,0.0041265704,0.0829722220,0.0001659444,0.0415502499,0.0000415502
6.47669173,0.8326605057,0.0166532101,0.4158601187,0.0041586012,0.0836119833,0.0001672240,0.0418704940,0.0000418705
6.50150376,0.8391331610,0.0167826632,0.4190757094,0.0041907571,0.0842542068,0.0001685084,0.0421919672,0.0000421920
6.52631579,0.8456306976,0.0169126140,0.4223038041,0.0042230380,0.0848988920,0.0001697978,0.0425146698,0.0000425147
6.55112782,0.8521530184,0.0170430604,0.4255443942,0.0042554439,0.0855460308,0.0001710921,0.0428386064,0.0000428386
6.57593985,0.8587005987,0.0171740120,0.4287974851,0.0042879749,0.0861956421,0.0001723913,0.0431637682,0.0000431638
6.60075188,0.8652729454,0.0173054589,0.4320630836,0.0043206308,0.0868477071,0.0001736954,0.0434901615,0.0000434902
6.62556391,0.8718700753,0.0174374015,0.4353411834,0.0043534118,0.0875022390,0.0001750045,0.0438177864,0.0000438178
6.65037594,0.8784923906,0.0175698478,0.4386317753,0.0043863178,0.0881592247,0.0001763184,0.0441466404,0.0000441466
6.67518797,0.8851392977,0.0177027860,0.4419348852,0.0044193489,0.0888186757,0.0001776374,0.0444767226,0.0000444767
6.70000000,0.8918113881,0.0178362278,0.4452504811,0.0044525048,0.0894805850,0.0001789612,0.0448080361,0.0000448080
6.72481203,0.8985084122,0.0179701682,0.4485785916,0.0044857859,0.0901449577,0.0001802899,0.0451405797,0.0000451406
6.74962406,0.9052300501,0.0181046010,0.4519191978,0.0045191920,0.0908117916,0.0001816236,0.0454743549,0.0000454744
6.77443609,0.9119766877,0.0182395338,0.4552723025,0.0045527230,0.0914810891,0.0001829622,0.0458093566,0.0000458094
6.79924812,0.9187481363,0.0183749627,0.4586379094,0.0045863791,0.0921528409,0.0001843057,0.0461455899,0.0000461456
6.82406015,0.9255444638,0.0185108893,0.4620160155,0.0046201602,0.0928270585,0.0001856541,0.0464830547,0.0000464831
6.84887218,0.9323657865,0.0186473157,0.4654066208,0.0046540662,0.0935037372,0.0001870075,0.0468217472,0.0000468217
6.87368421,0.9392116494,0.0187842330,0.4688097296,0.0046880973,0.0941828759,0.0001883658,0.0471616707,0.0000471617
6.89849624,0.9460823635,0.0189216473,0.4722253278,0.0047222533,0.0948644780,0.0001897290,0.0475028258,0.0000475028
6.92330827,0.9529780784,0.0190595616,0.4756534314,0.0047565343,0.0955485419,0.0001910971,0.0478452100,0.0000478452
6.94812030,0.9598986400,0.0191979728,0.4790940310,0.0047909403,0.0962350673,0.0001924701,0.0481888226,0.0000481888
6.97293233,0.9668439261,0.0193368785,0.4825471218,0.0048254712,0.0969240532,0.0001938481,0.0485336674,0.0000485337
6.99774436,0.9738138085,0.0194762762,0.4860127142,0.0048601271,0.0976155003,0.0001952310,0.0488797404,0.0000488797
7.02255639,0.9808088885,0.0196161778,0.4894908034,0.0048949080,0.0983094122,0.0001966188,0.0492270440,0.0000492270
7.04736842,0.9878284768,0.0197565695,0.4929813882,0.0049298139,0.0990057812,0.0001980116,0.0495755784,0.0000495756
7.07218045,0.9948729819,0.0198974596,0.4964844645,0.0049648446,0.0997046134,0.0001994092,0.0499253435,0.0000499253
7.09699248,1.0019421843,0.0200388437,0.5000000425,0.0050000004,0.1004059158,0.0002008118,0.0502763383,0.0000502763
7.12180451,1.0090361476,0.0201807230,0.5035281052,0.0050352811,0.1011096692,0.0002022193,0.0506285608,0.0000506286
7.14661654,1.0161548631,0.0203230973,0.5070686714,0.0050706867,0.1018158824,0.0002036318,0.0509820186,0.0000509820
7.17142857,1.0232983229,0.0204659665,0.5106217214,0.0051062172,0.1025245664,0.0002050491,0.0513367017,0.0000513367
7.19624060,1.0304665229,0.0206093305,0.5141872660,0.0051418727,0.1032357168,0.0002064714,0.0516926153,0.0000516926
7.22105263,1.0376593370,0.0207531867,0.5177653005,0.0051776530,0.1039493204,0.0002078986,0.0520497621,0.0000520498
7.24586466,1.0448771042,0.0208975421,0.5213558277,0.0052135583,0.1046653854,0.0002093308,0.0524081375,0.0000524081
7.27067669,1.0521194733,0.0210423895,0.5249588460,0.0052495885,0.1053839156,0.0002107678,0.0527677421,0.0000527677
7.29548872,1.0593865511,0.0211877310,0.5285743498,0.0052857435,0.1061049007,0.0002122098,0.0531285787,0.0000531286
7.32030075,1.0666783284,0.0213335666,0.5322023406,0.0053220234,0.1068283556,0.0002136567,0.0534906421,0.0000534906
7.34511278,1.0739948008,0.0214798960,0.5358428203,0.0053584282,0.1075542748,0.0002151085,0.0538539398,0.0000538539
7.36992481,1.0813359606,0.0216267192,0.5394957931,0.0053949579,0.1082826621,0.0002165653,0.0542184666,0.0000542185
7.39473684,1.0887018017,0.0217740360,0.5431612415,0.0054316124,0.1090134973,0.0002180270,0.0545842226,0.0000545842
7.41954887,1.0960923185,0.0219218464,0.5468391824,0.0054683918,0.1097468015,0.0002194936,0.0549512093,0.0000549512
7.44436090,1.1035075007,0.0220701500,0.5505296014,0.0055052960,0.1104825751,0.0002209652,0.0553194260,0.0000553194
7.46917293,1.1109473401,0.0222189468,0.5542325053,0.0055423251,0.1112208000,0.0002224416,0.0556888723,0.0000556889
7.49398496,1.1184118377,0.0223682368,0.5579478917,0.0055794789,0.1119614890,0.0002239230,0.0560595524,0.0000560596
7.51879699,1.1259009783,0.0225180196,0.5616757577,0.0056167576,0.1127046448,0.0002254093,0.0564314580,0.0000564315
7.54360902,1.1334147619,0.0226682952,0.5654161102,0.0056541611,0.1134502620,0.0002269005,0.0568045963,0.0000568046
7.56842105,1.1409531799,0.0228190636,0.5691689372,0.0056916894,0.1141983443,0.0002283967,0.0571789636,0.0000571790
7.59323308,1.1485162259,0.0229703245,0.5729342446,0.0057293424,0.1149488865,0.0002298978,0.0575545622,0.0000575546
7.61804511,1.1561038919,0.0231220778,0.5767120210,0.0057671202,0.1157018921,0.0002314038,0.0579313913,0.0000579314
7.64285714,1.1637161730,0.0232743235,0.5805022915,0.0058050229,0.1164573612,0.0002329147,0.0583094505,0.0000583095
7.66766917,1.1713530634,0.0234270613,0.5843050261,0.0058430503,0.1172152889,0.0002344306,0.0586887374,0.0000586887
7.69248120,1.1790144275,0.0235802885,0.5881202379,0.0058812024,0.1179756876,0.0002359514,0.0590692588,0.0000590693
7.71729323,1.1867006475,0.0237340129,0.5919479211,0.0059194792,0.1187385472,0.0002374771,0.0594510097,0.0000594510
7.74210526,1.1944113321,0.0238882266,0.5957880789,0.0059578808,0.1195038658,0.0002390077,0.0598339897,0.0000598340
7.76691729,1.2021465971,0.0240429319,0.5996407053,0.0059964071,0.1202716574,0.0002405433,0.0602182017,0.0000602182
7.79172932,1.2099064439,0.0241981289,0.6035058048,0.0060350580,0.1210418950,0.0002420838,0.0606036403,0.0000606036
7.81654135,1.2176908676,0.0243538174,0.6073833730,0.0060738337,0.1218146065,0.0002436292,0.0609903137,0.0000609903
7.84135338,1.2254998575,0.0245099972,0.6112734081,0.0061127341,0.1225897814,0.0002451796,0.0613782150,0.0000613782
7.86616541,1.2333334112,0.0246666682,0.6151759097,0.0061517591,0.1233674237,0.0002467348,0.0617673456,0.0000617673
7.89097744,1.2411915203,0.0248238304,0.6190908793,0.0061909088,0.1241475228,0.0002482950,0.0621577082,0.0000621577
7.91578947,1.2490741865,0.0249814837,0.6230183104,0.0062301831,0.1249300862,0.0002498602,0.0625493012,0.0000625493
7.94060150,1.2569812551,0.0251396251,0.6269582064,0.0062695821,0.1257151147,0.0002514302,0.0629421235,0.0000629421
7.96541353,1.2649131483,0.0252982630,0.6309105652,0.0063091057,0.1265026089,0.0002530052,0.0633361788,0.0000633362
7.99022556,1.2728694393,0.0254573888,0.6348753861,0.0063487539,0.1272925626,0.0002545851,0.0637314614,0.0000637315
8.01503759,1.2808502598,0.0256170052,0.6388526653,0.0063885267,0.1280849835,0.0002561700,0.0641279759,0.0000641280
8.03984962,1.2888556075,0.0257771122,0.6428424018,0.0064284240,0.1288798598,0.0002577597,0.0645257223,0.0000645257
8.06466165,1.2968854807,0.0259377096,0.6468445982,0.0064684460,0.1296772065,0.0002593544,0.0649246956,0.0000649247
8.08947368,1.3049398696,0.0260987974,0.6508592505,0.0065085925,0.1304770150,0.0002609540,0.0653249006,0.0000653249
8.11428571,1.3130187709,0.0262603754,0.6548863600,0.0065488636,0.1312792906,0.0002625586,0.0657263375,0.0000657263
8.13909774,1.3211221833,0.0264224437,0.6589259191,0.0065892592,0.1320840264,0.0002641681,0.0661290037,0.0000661290
8.16390977,1.3292500970,0.0265850019,0.6629779342,0.0066297793,0.1328912328,0.0002657825,0.0665329026,0.0000665329
8.18872180,1.3374025149,0.0267480503,0.6670423993,0.0066704240,0.1337008949,0.0002674018,0.0669380271,0.0000669380
8.21353383,1.3455794216,0.0269115884,0.6711193139,0.0067111931,0.1345130239,0.0002690260,0.0673443859,0.0000673444
8.23834586,1.3537808237,0.0270756165,0.6752086777,0.0067520868,0.1353276154,0.0002706552,0.0677519747,0.0000677520
8.26315789,1.3620067128,0.0272401343,0.6793104899,0.0067931049,0.1361446752,0.0002722894,0.0681607934,0.0000681608
8.28796992,1.3702572083,0.0274051442,0.6834247483,0.0068342475,0.1369641968,0.0002739284,0.0685708429,0.0000685708
8.31278195,1.3785319355,0.0275706387,0.6875514493,0.0068755145,0.1377861819,0.0002755724,0.0689821235,0.0000689821
8.33759398,1.3868314438,0.0277366289,0.6916905940,0.0069169059,0.1386106321,0.0002772213,0.0693946339,0.0000693946
8.36240602,1.3951550615,0.0279031012,0.6958423563,0.0069584236,0.1394375472,0.0002788751,0.0698083758,0.0000698084
8.38721805,1.4035031879,0.0280700638,0.7000063905,0.0070000639,0.1402669261,0.0002805339,0.0702233463,0.0000702233
8.41203008,1.4118760584,0.0282375212,0.7041829501,0.0070418295,0.1410987746,0.0002821975,0.0706395512,0.0000706396
8.43684211,1.4202732532,0.0284054651,0.7083715811,0.0070837158,0.1419330743,0.0002838661,0.0710569825,0.0000710570
8.46165414,1.4286948991,0.0285738980,0.7125729258,0.0071257293,0.1427698483,0.0002855397,0.0714756464,0.0000714756
8.48646617,1.4371410043,0.0287428201,0.7167867017,0.0071678670,0.1436090858,0.0002872182,0.0718955382,0.0000718955
8.51127820,1.4456115633,0.0289122313,0.7210129153,0.0072101292,0.1444507858,0.0002889016,0.0723166645,0.0000723167
8.53609023,1.4541065655,0.0290821313,0.7252517654,0.0072525177,0.1452949514,0.0002905899,0.0727390182,0.0000727390
8.56090226,1.4626261843,0.0292525237,0.7295026344,0.0072950263,0.1461415800,0.0002922832,0.0731626059,0.0000731626
8.58571429,1.4711699034,0.0294233981,0.7337661399,0.0073376614,0.1469906787,0.0002939814,0.0735874231,0.0000735874
8.61052632,1.4797382281,0.0295947646,0.7380420717,0.0073804207,0.1478422361,0.0002956845,0.0740134683,0.0000740135
8.63533835,1.4883309939,0.0297666199,0.7423304329,0.0074233043,0.1486962605,0.0002973925,0.0744407475,0.0000744407
8.66015038,1.4969481938,0.0299389639,0.7466312213,0.0074663122,0.1495527497,0.0002991055,0.0748692550,0.0000748693
8.68496241,1.5055898200,0.0301117964,0.7509444315,0.0075094443,0.1504117024,0.0003008234,0.0752989933,0.0000752990
8.70977444,1.5142558770,0.0302851175,0.7552700610,0.0075527006,0.1512731211,0.0003025462,0.0757299606,0.0000757300
8.73458647,1.5229463592,0.0304589272,0.7596081174,0.0075960812,0.1521370066,0.0003042740,0.0761621625,0.0000761622
8.75939850,1.5316612669,0.0306332253,0.7639585925,0.0076395859,0.1530033573,0.0003060067,0.0765955938,0.0000765956
8.78421053,1.5404005952,0.0308080119,0.7683212171,0.0076832122,0.1538721611,0.0003077443,0.0770302533,0.0000770303
8.80902256,1.5491643385,0.0309832868,0.7726967960,0.0077269680,0.1547434484,0.0003094869,0.0774661469,0.0000774661
8.83383459,1.5579525003,0.0311590500,0.7770845196,0.0077708452,0.1556171837,0.0003112344,0.0779032694,0.0000779033
8.85864662,1.5667650765,0.0313353015,0.7814848161,0.0078148482,0.1564934018,0.0003129868,0.0783416267,0.0000783416
8.88345865,1.5756020670,0.0315120413,0.7858972142,0.0078589721,0.1573720779,0.0003147442,0.0787812079,0.0000787812
8.90827068,1.5844634667,0.0316892693,0.7903221766,0.0079032218,0.1582532140,0.0003165064,0.0792220237,0.0000792220
8.93308271,1.5933492750,0.0318669855,0.7947595524,0.0079475955,0.1591368210,0.0003182736,0.0796640680,0.0000796641
8.95789474,1.6022592456,0.0320451849,0.7992093347,0.0079920933,0.1600228948,0.0003200458,0.0801073403,0.0000801073
8.98270677,1.6111941086,0.0322238822,0.8036712125,0.0080367121,0.1609114263,0.0003218229,0.0805518548,0.0000805519
9.00751880,1.6201531351,0.0324030627,0.8081461141,0.0080814611,0.1618024281,0.0003236049,0.0809975913,0.0000809976
9.03233083,1.6291365556,0.0325827311,0.8126333602,0.0081263336,0.1626958969,0.0003253918,0.0814445592,0.0000814446
9.05714286,1.6381443851,0.0327628877,0.8171325146,0.0081713251,0.1635918264,0.0003271837,0.0818927591,0.0000818928
9.08195489,1.6471766091,0.0329435322,0.8216440888,0.0082164409,0.1644902244,0.0003289804,0.0823421913,0.0000823422
9.10676692,1.6562332304,0.0331246646,0.8261685207,0.0082616852,0.1653910876,0.0003307822,0.0827928500,0.0000827928
9.13157895,1.6653142490,0.0333062850,0.8307050177,0.0083070502,0.1662944227,0.0003325888,0.0832447433,0.0000832447
9.15639098,1.6744196623,0.0334883932,0.8352542321,0.0083525423,0.1672002108,0.0003344004,0.0836978668,0.0000836979
9.18120301,1.6835494703,0.0336709894,0.8398155095,0.0083981551,0.1681084777,0.0003362170,0.0841522207,0.0000841522
9.20601504,1.6927036723,0.0338540734,0.8443892456,0.0084438925,0.1690191875,0.0003380384,0.0846078018,0.0000846078
9.23082707,1.7018822637,0.0340376453,0.8489754747,0.0084897547,0.1699323886,0.0003398648,0.0850646200,0.0000850646
9.25563910,1.7110852488,0.0342217050,0.8535740431,0.0085357404,0.1708480405,0.0003416961,0.0855226669,0.0000855227
9.28045113,1.7203129264,0.0344062585,0.8581850024,0.0085818500,0.1717661695,0.0003435323,0.0859819423,0.0000859819
9.30526316,1.7295643837,0.0345912877,0.8628083494,0.0086280835,0.1726867631,0.0003453735,0.0864424517,0.0000864425
9.33007519,1.7388405392,0.0347768108,0.8674440813,0.0086744408,0.1736098046,0.0003472196,0.0869041886,0.0000869042
9.35488722,1.7481410764,0.0349628215,0.8720922010,0.0087209220,0.1745353393,0.0003490707,0.0873671574,0.0000873672
9.37969925,1.7574660049,0.0351493201,0.8767526109,0.0087675261,0.1754633278,0.0003509267,0.0878313604,0.0000878314
9.40451128,1.7668153162,0.0353363063,0.8814255869,0.0088142559,0.1763937769,0.0003527876,0.0882967889,0.0000882968
9.42932331,1.7761890164,0.0355237803,0.8861108533,0.0088611085,0.1773266980,0.0003546534,0.0887634538,0.0000887635
9.45413534,1.7855871029,0.0357117421,0.8908084954,0.0089080850,0.1782620864,0.0003565242,0.0892313446,0.0000892313
9.47894737,1.7950084511,0.0359001690,0.8955185194,0.0089551852,0.1791999276,0.0003583999,0.0897004691,0.0000897005
9.50375940,1.8044564280,0.0360891286,0.9002409181,0.0090024092,0.1801402558,0.0003602805,0.0901708243,0.0000901708
9.52857143,1.8139276710,0.0362785534,0.9049758881,0.0090497589,0.1810830422,0.0003621661,0.0906424106,0.0000906424
9.55338346,1.8234232966,0.0364684659,0.9097230035,0.0090972300,0.1820282940,0.0003640566,0.0911152281,0.0000911152
9.57819549,1.8329433049,0.0366588661,0.9144823570,0.0091448236,0.1829759982,0.0003659520,0.0915892766,0.0000915893
9.60300752,1.8424876988,0.0368497540,0.9192542488,0.0091925425,0.1839261857,0.0003678524,0.0920645526,0.0000920646
9.62781955,1.8520564790,0.0370411296,0.9240385092,0.0092403851,0.1848788332,0.0003697577,0.0925410638,0.0000925411
9.65263158,1.8616496398,0.0372329928,0.9288351337,0.0092883513,0.1858339439,0.0003716679,0.0930188027,0.0000930188
9.67744361,1.8712671895,0.0374253438,0.9336441300,0.0093364413,0.1867915323,0.0003735831,0.0934977764,0.0000934978
9.70225564,1.8809091175,0.0376181823,0.9384654896,0.0093846549,0.1877515896,0.0003755032,0.0939779806,0.0000939780
9.72706767,1.8905754366,0.0378115087,0.9432993616,0.0094329936,0.1887140899,0.0003774282,0.0944594110,0.0000944594
9.75187970,1.9002661348,0.0380053227,0.9481456910,0.0094814569,0.1896790797,0.0003793582,0.0949420782,0.0000949421
9.77669173,1.9099812228,0.0381996245,0.9530037423,0.0095300374,0.1906465285,0.0003812931,0.0954259744,0.0000954260
9.80150376,1.9197206937,0.0383944139,0.9578745485,0.0095787455,0.1916164568,0.0003832329,0.0959111008,0.0000959111
9.82631579,1.9294845502,0.0385896910,0.9627577119,0.0096275771,0.1925888269,0.0003851777,0.0963974588,0.0000963975
9.85112782,1.9392727943,0.0387854559,0.9676532328,0.0096765323,0.1935636878,0.0003871274,0.0968850420,0.0000968850
9.87593985,1.9490854232,0.0389817085,0.9725613677,0.0097256137,0.1945409920,0.0003890820,0.0973738737,0.0000973739
9.90075188,1.9589224409,0.0391784488,0.9774813374,0.0097748134,0.1955207749,0.0003910415,0.0978639162,0.0000978639
9.92556391,1.9687838451,0.0393756769,0.9824139186,0.0098241392,0.1965030189,0.0003930060,0.0983552019,0.0000983552
9.95037594,1.9786696377,0.0395733928,0.9873590461,0.0098735905,0.1974877562,0.0003949755,0.0988477158,0.0000988477
9.97518797,1.9885813031,0.0397716261,0.9923161357,0.0099231614,0.1984749199,0.0003969498,0.0993414586,0.0000993415
10.00000000,1.9985143913,0.0399702878,0.9972856319,0.0099728563,0.1994645903,0.0003989292,0.0998364374,0.0000998364
