lambda,gap,eta
0.5,0.99004595052,50
0.5,0.99750306036,200
0.5,0.99950012448,1000
0.5,undefined,5000
0.5,undefined,25000
0.60102,0.98564932852,50
0.60102,0.9963941717,200
0.60102,0.99927780912,1000
0.60102,undefined,5000
0.60102,undefined,25000
0.702041,0.98047117138,50
0.702041,0.9950833912,200
0.702041,0.99901476207,1000
0.702041,undefined,5000
0.702041,undefined,25000
0.803061,0.97452403561,50
0.803061,0.9935715192,200
0.803061,0.99871101551,1000
0.803061,undefined,5000
0.803061,undefined,25000
0.904082,0.96782228637,50
0.904082,0.99185947796,200
0.904082,0.99836660662,1000
0.904082,undefined,5000
0.904082,undefined,25000
1.005102,0.96038203938,50
1.005102,0.9899483107,200
1.005102,0.99798157752,1000
1.005102,undefined,5000
1.005102,undefined,25000
1.106122,0.95222109604,50
1.106122,0.98783918055,200
1.106122,0.99755597532,1000
1.106122,undefined,5000
1.106122,undefined,25000
1.207143,0.94335887214,50
1.207143,0.98553336938,200
1.207143,0.99708985206,1000
1.207143,undefined,5000
1.207143,undefined,25000
1.308163,0.93381632062,50
1.308163,0.98303227647,200
1.308163,0.99658326472,1000
1.308163,undefined,5000
1.308163,undefined,25000
1.409184,0.92361584872,50
1.409184,0.98033741714,200
1.409184,0.99603627518,1000
1.409184,undefined,5000
1.409184,undefined,25000
1.510204,0.91278123009,50
1.510204,0.97745042119,200
1.510204,0.9954489503,1000
1.510204,undefined,5000
1.510204,undefined,25000
1.611224,0.90133751226,50
1.611224,0.97437303124,200
1.611224,0.99482136177,1000
1.611224,undefined,5000
1.611224,undefined,25000
1.712245,0.88931092003,50
1.712245,0.97110710101,200
1.712245,0.99415358621,1000
1.712245,undefined,5000
1.712245,undefined,25000
1.813265,0.87672875527,50
1.813265,0.96765459347,200
1.813265,0.99344570508,1000
1.813265,undefined,5000
1.813265,undefined,25000
1.914286,0.86361929374,50
1.914286,0.96401757882,200
1.914286,0.99269780472,1000
1.914286,undefined,5000
1.914286,undefined,25000
2.015306,0.85001167935,50
2.015306,0.96019823246,200
2.015306,0.99190997628,1000
2.015306,undefined,5000
2.015306,undefined,25000
2.116327,0.83593581653,50
2.116327,0.95619883282,200
2.116327,0.99108231577,1000
2.116327,undefined,5000
2.116327,undefined,25000
2.217347,0.82142226122,50
2.217347,0.95202175908,200
2.217347,0.99021492393,1000
2.217347,undefined,5000
2.217347,undefined,25000
2.318367,0.80650211105,50
2.318367,0.94766948882,200
2.318367,0.98930790634,1000
2.318367,undefined,5000
2.318367,undefined,25000
2.419388,0.79120689518,50
2.419388,0.94314459558,200
2.419388,0.98836137331,1000
2.419388,undefined,5000
2.419388,undefined,25000
2.520408,0.77556846447,50
2.520408,0.9384497463,200
2.520408,0.98737543987,1000
2.520408,undefined,5000
2.520408,undefined,25000
2.621429,0.7596188824,50
2.621429,0.93358769873,200
2.621429,0.98635022578,1000
2.621429,undefined,5000
2.621429,undefined,25000
2.722449,0.74339031732,50
2.722449,0.92856129871,200
2.722449,0.98528585551,1000
2.722449,undefined,5000
2.722449,undefined,25000
2.823469,0.72691493643,50
2.823469,0.9233734774,200
2.823469,0.9841824581,1000
2.823469,undefined,5000
2.823469,undefined,25000
2.92449,0.71022480208,50
2.92449,0.91802724844,200
2.92449,0.98304016735,1000
2.92449,undefined,5000
2.92449,undefined,25000
3.02551,0.69335177079,50
3.02551,0.91252570505,200
3.02551,0.98185912157,1000
3.02551,undefined,5000
3.02551,undefined,25000
3.126531,0.67632739535,50
3.126531,0.906872017,200
3.126531,0.98063946371,1000
3.126531,undefined,5000
3.126531,undefined,25000
3.227551,0.65918283053,50
3.227551,0.90106942763,200
3.227551,0.97938134118,1000
3.227551,undefined,5000
3.227551,undefined,25000
3.328571,0.6419487426,50
3.328571,0.89512125072,200
3.328571,0.97808490606,1000
3.328571,undefined,5000
3.328571,undefined,25000
3.429592,0.62465522319,50
3.429592,0.88903086736,200
3.429592,0.97675031479,1000
3.429592,undefined,5000
3.429592,undefined,25000
3.530612,0.60733170759,50
3.530612,0.88280172272,200
3.530612,0.9753777283,1000
3.530612,undefined,5000
3.530612,undefined,25000
3.631633,0.59000689795,50
3.631633,0.87643732287,200
3.631633,0.973967312,1000
3.631633,undefined,5000
3.631633,undefined,25000
3.732653,0.57270869147,50
3.732653,0.86994123142,200
3.732653,0.97251923564,1000
3.732653,undefined,5000
3.732653,undefined,25000
3.833673,0.55546411383,50
3.833673,0.86331706631,200
3.833673,0.97103367335,1000
3.833673,undefined,5000
3.833673,undefined,25000
3.934694,0.53829925812,50
3.934694,0.85656849636,200
3.934694,0.96951080357,1000
3.934694,undefined,5000
3.934694,undefined,25000
4.035714,0.52123922922,50
4.035714,0.84969923797,200
4.035714,0.96795080904,1000
4.035714,undefined,5000
4.035714,undefined,25000
4.136735,0.50430809389,50
4.136735,0.8427130517,200
4.136735,0.96635387674,1000
4.136735,undefined,5000
4.136735,undefined,25000
4.237755,0.48752883657,50
4.237755,0.83561373884,200
4.237755,0.96472019791,1000
4.237755,undefined,5000
4.237755,undefined,25000
4.338776,0.47092332086,50
4.338776,0.82840513803,200
4.338776,0.96304996793,1000
4.338776,undefined,5000
4.338776,undefined,25000
4.439796,0.45451225684,50
4.439796,0.82109112179,200
4.439796,0.96134338626,1000
4.439796,undefined,5000
4.439796,undefined,25000
4.540816,0.43831517401,50
4.540816,0.81367559308,200
4.540816,0.95960065658,1000
4.540816,undefined,5000
4.540816,undefined,25000
4.641837,0.42235039991,50
4.641837,0.80616248187,200
4.641837,0.95782198657,1000
4.641837,undefined,5000
4.641837,undefined,25000
4.742857,0.4066350443,50
4.742857,0.79855574173,200
4.742857,0.95600758787,1000
4.742857,undefined,5000
4.742857,undefined,25000
4.843878,0.39118498872,50
4.843878,0.79085934633,200
4.843878,0.95415767618,1000
4.843878,undefined,5000
4.843878,undefined,25000
4.944898,0.37601488136,50
4.944898,0.7830772861,200
4.944898,0.95227247111,1000
4.944898,undefined,5000
4.944898,undefined,25000
5.045918,0.36113813706,50
5.045918,0.77521356475,200
5.045918,0.95035219613,1000
5.045918,undefined,5000
5.045918,undefined,25000
5.146939,0.34656694221,50
5.146939,0.76727219596,200
5.146939,0.94839707858,1000
5.146939,undefined,5000
5.146939,undefined,25000
5.247959,0.33231226431,50
5.247959,0.75925719996,200
5.247959,0.94640734958,1000
5.247959,undefined,5000
5.247959,undefined,25000
5.34898,0.3183838661,50
5.34898,0.75117260026,200
5.34898,0.94438324405,1000
5.34898,undefined,5000
5.34898,undefined,25000
5.45,0.30479032383,50
5.45,0.74302242029,200
5.45,0.94232500053,1000
5.45,undefined,5000
5.45,undefined,25000
5.55102,0.29153904954,50
5.55102,0.73481068016,200
5.55102,0.9402328613,1000
5.55102,undefined,5000
5.55102,undefined,25000
5.652041,0.27863631704,50
5.652041,0.72654139343,200
5.652041,0.93810707224,1000
5.652041,undefined,5000
5.652041,undefined,25000
5.753061,0.2660872913,50
5.753061,0.71821856393,200
5.753061,0.93594788276,1000
5.753061,undefined,5000
5.753061,undefined,25000
5.854082,0.25389606098,50
5.854082,0.70984618262,200
5.854082,0.93375554583,1000
5.854082,undefined,5000
5.854082,undefined,25000
5.955102,0.24206567375,50
5.955102,0.7014282245,200
5.955102,0.93153031783,1000
5.955102,undefined,5000
5.955102,undefined,25000
6.056122,0.23059817422,50
6.056122,0.69296864552,200
6.056122,0.92927245864,1000
6.056122,undefined,5000
6.056122,undefined,25000
6.157143,0.21949464409,50
6.157143,0.68447137972,200
6.157143,0.92698223142,1000
6.157143,undefined,5000
6.157143,undefined,25000
6.258163,0.20875524424,50
6.258163,0.67594033615,200
6.258163,0.92465990269,1000
6.258163,undefined,5000
6.258163,undefined,25000
6.359184,0.19837925846,50
6.359184,0.66737939611,200
6.359184,0.92230574227,1000
6.359184,undefined,5000
6.359184,undefined,25000
6.460204,0.18836513861,50
6.460204,0.65879241033,200
6.460204,0.91992002309,1000
6.460204,undefined,5000
6.460204,undefined,25000
6.561224,0.17871055081,50
6.561224,0.65018319621,200
6.561224,0.91750302133,1000
6.561224,undefined,5000
6.561224,undefined,25000
6.662245,0.16941242247,50
6.662245,0.64155553514,200
6.662245,0.91505501628,1000
6.662245,undefined,5000
6.662245,undefined,25000
6.763265,0.16046698986,50
6.763265,0.63291316997,200
6.763265,0.9125762902,1000
6.763265,undefined,5000
6.763265,undefined,25000
6.864286,0.15186984601,50
6.864286,0.62425980242,200
6.864286,0.9100671284,1000
6.864286,undefined,5000
6.864286,undefined,25000
6.965306,0.14361598857,50
6.965306,0.61559909068,200
6.965306,0.90752781914,1000
6.965306,undefined,5000
6.965306,undefined,25000
7.066327,0.13569986761,50
7.066327,0.606934647,200
7.066327,0.90495865358,1000
7.066327,undefined,5000
7.066327,undefined,25000
7.167347,0.12811543293,50
7.167347,0.59827003543,200
7.167347,0.90235992564,1000
7.167347,undefined,5000
7.167347,undefined,25000
7.268367,0.12085618081,50
7.268367,0.58960876959,200
7.268367,0.89973193214,1000
7.268367,undefined,5000
7.268367,undefined,25000
7.369388,0.11391519994,50
7.369388,0.58095431056,200
7.369388,0.89707497246,1000
7.369388,undefined,5000
7.369388,undefined,25000
7.470408,0.10728521644,50
7.470408,0.57231006484,200
7.470408,0.89438934879,1000
7.470408,undefined,5000
7.470408,undefined,25000
7.571429,0.10095863769,50
7.571429,0.56367938235,200
7.571429,0.89167536586,1000
7.571429,undefined,5000
7.571429,undefined,25000
7.672449,0.094927594927,50
7.672449,0.55506555461,200
7.672449,0.88893333095,1000
7.672449,undefined,5000
7.672449,undefined,25000
7.773469,0.089183984421,50
7.773469,0.54647181293,200
7.773469,0.88616355383,1000
7.773469,undefined,5000
7.773469,undefined,25000
7.87449,0.083719507178,50
7.87449,0.53790132671,200
7.87449,0.88336634673,1000
7.87449,undefined,5000
7.87449,undefined,25000
7.97551,0.07852570699,50
7.97551,0.52935720185,200
7.97551,0.88054202421,1000
7.97551,undefined,5000
7.97551,undefined,25000
8.076531,0.073594006814,50
8.076531,0.52084247918,200
8.076531,0.87769090322,1000
8.076531,undefined,5000
8.076531,undefined,25000
8.177551,0.068915743382,50
8.177551,0.51236013314,200
8.177551,0.87481330285,1000
8.177551,undefined,5000
8.177551,undefined,25000
8.278571,0.064482200002,50
8.278571,0.5039130703,200
8.278571,0.87190954451,1000
8.278571,undefined,5000
8.278571,undefined,25000
8.379592,0.060284637475,50
8.379592,0.49550412821,200
8.379592,0.86897995167,1000
8.379592,undefined,5000
8.379592,undefined,25000
8.480612,0.05631432316,50
8.480612,0.48713607422,200
8.480612,0.86602484994,1000
8.480612,undefined,5000
8.480612,undefined,25000
8.581633,0.052562558108,50
8.581633,0.47881160439,200
8.581633,0.86304456686,1000
8.581633,undefined,5000
8.581633,undefined,25000
8.682653,0.049020702286,50
8.682653,0.47053334254,200
8.682653,0.86003943198,1000
8.682653,undefined,5000
8.682653,undefined,25000
8.783673,0.04568019792,50
8.783673,0.46230383934,200
8.783673,0.85700977679,1000
8.783673,undefined,5000
8.783673,undefined,25000
8.884694,0.042532590933,50
8.884694,0.45412557151,200
8.884694,0.85395593453,1000
8.884694,undefined,5000
8.884694,undefined,25000
8.985714,0.039569550523,50
8.985714,0.44600094113,200
8.985714,0.85087824028,1000
8.985714,undefined,5000
8.985714,undefined,25000
9.086735,0.036782886926,50
9.086735,0.43793227502,200
9.086735,0.84777703082,1000
9.086735,undefined,5000
9.086735,undefined,25000
9.187755,0.034164567374,50
9.187755,0.42992182415,200
9.187755,0.84465264452,1000
9.187755,undefined,5000
9.187755,undefined,25000
9.288776,0.031706730339,50
9.288776,0.42197176326,200
9.288776,0.84150542144,1000
9.288776,undefined,5000
9.288776,undefined,25000
9.389796,0.029401698079,50
9.389796,0.41408419046,200
9.389796,0.83833570315,1000
9.389796,undefined,5000
9.389796,undefined,25000
9.490816,0.027241987578,50
9.490816,0.40626112696,200
9.490816,0.83514383262,1000
9.490816,undefined,5000
9.490816,undefined,25000
9.591837,0.025220319918,50
9.591837,0.39850451685,200
9.591837,0.83193015436,1000
9.591837,undefined,5000
9.591837,undefined,25000
9.692857,0.023329628148,50
9.692857,0.39081622705,200
9.692857,0.82869501405,1000
9.692857,undefined,5000
9.692857,undefined,25000
9.793878,0.021563063798,50
9.793878,0.38319804717,200
9.793878,0.82543875879,1000
9.793878,undefined,5000
9.793878,undefined,25000
9.894898,0.019914001977,50
9.894898,0.37565168966,200
9.894898,0.82216173689,1000
9.894898,undefined,5000
9.894898,undefined,25000
9.995918,0.018376045256,50
9.995918,0.36817878984,200
9.995918,0.81886429776,1000
9.995918,undefined,5000
9.995918,undefined,25000
10.096939,0.016943026347,50
10.096939,0.3607809062,200
10.096939,0.81554679198,1000
10.096939,undefined,5000
10.096939,undefined,25000
10.197959,0.015609009693,50
10.197959,0.35345952055,200
10.197959,0.81220957113,1000
10.197959,undefined,5000
10.197959,undefined,25000
10.29898,0.01436829197,50
10.29898,0.34621603846,200
10.29898,0.80885298775,1000
10.29898,undefined,5000
10.29898,undefined,25000
10.4,0.013215401733,50
10.4,0.33905178963,200
10.4,0.80547739534,1000
10.4,undefined,5000
10.4,undefined,25000
10.50102,0.012145098091,50
10.50102,0.33196802834,200
10.50102,0.80208314824,1000
10.50102,undefined,5000
10.50102,undefined,25000
10.602041,0.011152368626,50
10.602041,0.32496593408,200
10.602041,0.79867060159,1000
10.602041,undefined,5000
10.602041,undefined,25000
10.703061,0.010232426608,50
10.703061,0.31804661208,200
10.703061,0.79524011122,1000
10.703061,undefined,5000
10.703061,undefined,25000
10.804082,0.009380707482,50
10.804082,0.31121109402,200
10.804082,0.79179203371,1000
10.804082,undefined,5000
10.804082,undefined,25000
10.905102,0.008592864891,50
10.905102,0.30446033876,200
10.905102,0.78832672616,1000
10.905102,undefined,5000
10.905102,undefined,25000
11.006122,0.007864766024,50
11.006122,0.29779523314,200
11.006122,0.78484454629,1000
11.006122,undefined,5000
11.006122,undefined,25000
11.107143,0.0071924866711,50
11.107143,0.2912165928,200
11.107143,0.78134585226,1000
11.107143,undefined,5000
11.107143,undefined,25000
11.208163,0.0065723057532,50
11.208163,0.28472516308,200
11.208163,0.77783100272,1000
11.208163,undefined,5000
11.208163,undefined,25000
11.309184,0.0060006996364,50
11.309184,0.27832162002,200
11.309184,0.77430035663,1000
11.309184,undefined,5000
11.309184,undefined,25000
11.410204,0.0054743360481,50
11.410204,0.27200657129,200
11.410204,0.77075427329,1000
11.410204,undefined,5000
11.410204,undefined,25000
11.511224,0.0049900678943,50
11.511224,0.26578055731,200
11.511224,0.7671931122,1000
11.511224,undefined,5000
11.511224,undefined,25000
11.612245,0.0045449267971,50
11.612245,0.25964405227,200
11.612245,0.76361723311,1000
11.612245,undefined,5000
11.612245,undefined,25000
11.713265,0.0041361165382,50
11.713265,0.25359746528,200
11.713265,0.76002699587,1000
11.713265,undefined,5000
11.713265,undefined,25000
11.814286,0.0037610064497,50
11.814286,0.24764114158,200
11.814286,0.75642276038,1000
11.814286,undefined,5000
11.814286,undefined,25000
11.915306,0.0034171246885,50
11.915306,0.24177536375,200
11.915306,0.75280488662,1000
11.915306,undefined,5000
11.915306,undefined,25000
12.016327,0.0031021515449,50
12.016327,0.23600035288,200
12.016327,0.74917373443,1000
12.016327,undefined,5000
12.016327,undefined,25000
12.117347,0.0028139127897,50
12.117347,0.23031626991,200
12.117347,0.74552966365,1000
12.117347,undefined,5000
12.117347,undefined,25000
12.218367,0.0025503729532,50
12.218367,0.22472321695,200
12.218367,0.74187303379,1000
12.218367,undefined,5000
12.218367,undefined,25000
12.319388,0.002309628835,50
12.319388,0.21922123854,200
12.319388,0.73820420433,1000
12.319388,undefined,5000
12.319388,undefined,25000
12.420408,0.0020899029882,50
12.420408,0.2138103231,200
12.420408,0.73452353436,1000
12.420408,undefined,5000
12.420408,undefined,25000
12.521429,0.0018895374381,50
12.521429,0.20849040426,200
12.521429,0.73083138263,1000
12.521429,undefined,5000
12.521429,undefined,25000
12.622449,0.0017069873891,50
12.622449,0.20326136226,200
12.622449,0.72712810754,1000
12.622449,undefined,5000
12.622449,undefined,25000
12.723469,0.001540815232,50
12.723469,0.19812302541,200
12.723469,0.72341406702,1000
12.723469,undefined,5000
12.723469,undefined,25000
12.82449,0.0013896846102,50
12.82449,0.19307517152,200
12.82449,0.71968961852,1000
12.82449,undefined,5000
12.82449,undefined,25000
12.92551,0.0012523547682,50
12.92551,0.18811752934,200
12.92551,0.71595511884,1000
12.92551,undefined,5000
12.92551,undefined,25000
13.026531,0.0011276749701,50
13.026531,0.18324978003,200
13.026531,0.71221092427,1000
13.026531,undefined,5000
13.026531,undefined,25000
13.127551,0.0010145791641,50
13.127551,0.17847155864,200
13.127551,0.70845739043,1000
13.127551,undefined,5000
13.127551,undefined,25000
13.228571,0.00091208094216,50
13.228571,0.17378245564,200
13.228571,0.70469487207,1000
13.228571,undefined,5000
13.228571,undefined,25000
13.329592,0.00081926850621,50
13.329592,0.16918201834,200
13.329592,0.70092372332,1000
13.329592,undefined,5000
13.329592,undefined,25000
13.430612,0.00073530002453,50
13.430612,0.16466975242,200
13.430612,0.69714429741,1000
13.430612,undefined,5000
13.430612,undefined,25000
13.531633,0.00065939907748,50
13.531633,0.16024512346,200
13.531633,0.69335694667,1000
13.531633,undefined,5000
13.531633,undefined,25000
13.632653,0.00059085039007,50
13.632653,0.1559075584,200
13.632653,0.68956202256,1000
13.632653,undefined,5000
13.632653,undefined,25000
13.733673,0.0005289957235,50
13.733673,0.15165644705,200
13.733673,0.68575987542,1000
13.733673,undefined,5000
13.733673,undefined,25000
13.834694,0.00047322996542,50
13.834694,0.14749114358,200
13.834694,0.68195085468,1000
13.834694,undefined,5000
13.834694,undefined,25000
13.935714,0.00042299744234,50
13.935714,0.14341096806,200
13.935714,0.67813530861,1000
13.935714,undefined,5000
13.935714,undefined,25000
14.036735,0.00037778845885,50
14.036735,0.13941520784,200
14.036735,0.67431358433,1000
14.036735,undefined,5000
14.036735,undefined,25000
14.137755,0.00033713595406,50
14.137755,0.13550311917,200
14.137755,0.6704860278,1000
14.137755,undefined,5000
14.137755,undefined,25000
14.238776,0.00030061240608,50
14.238776,0.13167392851,200
14.238776,0.66665298375,1000
14.238776,undefined,5000
14.238776,undefined,25000
14.339796,0.00026782688735,50
14.339796,0.12792683413,200
14.339796,0.66281479548,1000
14.339796,undefined,5000
14.339796,undefined,25000
14.440816,0.0002384223036,50
14.440816,0.12426100746,200
14.440816,0.65897180517,1000
14.440816,undefined,5000
14.440816,undefined,25000
14.541837,0.00021207281651,50
14.541837,0.12067559454,200
14.541837,0.65512435339,1000
14.541837,undefined,5000
14.541837,undefined,25000
14.642857,0.00018848143628,50
14.642857,0.11716971746,200
14.642857,0.65127277947,1000
14.642857,undefined,5000
14.642857,undefined,25000
14.743878,0.00016737770241,50
14.743878,0.11374247573,200
14.743878,0.64741742111,1000
14.743878,undefined,5000
14.743878,undefined,25000
14.844898,0.00014851560192,50
14.844898,0.11039294768,200
14.844898,0.64355861451,1000
14.844898,undefined,5000
14.844898,undefined,25000
14.945918,0.00013167154921,50
14.945918,0.10712019182,200
14.945918,0.63969669435,1000
14.945918,undefined,5000
14.945918,undefined,25000
15.046939,0.00011664263698,50
15.046939,0.10392324813,200
15.046939,0.63583199364,1000
15.046939,undefined,5000
15.046939,undefined,25000
15.147959,0.0001032447725,50
15.147959,0.10080113948,200
15.147959,0.63196484374,1000
15.147959,undefined,5000
15.147959,undefined,25000
15.24898,0.000091311244034,50
15.24898,0.097752872824,200
15.24898,0.62809557431,1000
15.24898,undefined,5000
15.24898,undefined,25000
15.35,0.000080691156626,50
15.35,0.094777440548,200
15.35,0.62422451321,1000
15.35,undefined,5000
15.35,undefined,25000
15.45102,0.000071248050176,50
15.45102,0.09187382168,200
15.45102,0.62035198654,1000
15.45102,undefined,5000
15.45102,undefined,25000
15.552041,0.000062858729365,50
15.552041,0.089040983133,200
15.552041,0.61647831859,1000
15.552041,undefined,5000
15.552041,undefined,25000
15.653061,0.000055411956595,50
15.653061,0.086277880925,200
15.653061,0.61260383174,1000
15.653061,undefined,5000
15.653061,undefined,25000
15.754082,0.000048807531641,50
15.754082,0.083583461312,200
15.754082,0.60872884641,1000
15.754082,undefined,5000
15.754082,undefined,25000
15.855102,0.000042955199916,50
15.855102,0.080956661971,200
15.855102,0.6048536812,1000
15.855102,undefined,5000
15.855102,undefined,25000
15.956122,0.00003777373999,50
15.956122,0.078396413101,200
15.956122,0.6009786525,1000
15.956122,undefined,5000
15.956122,undefined,25000
16.057143,0.000033190190891,50
16.057143,0.075901638536,200
16.057143,0.59710407486,1000
16.057143,undefined,5000
16.057143,undefined,25000
16.158163,0.000029139017272,50
16.158163,0.073471256802,200
16.158163,0.59323026059,1000
16.158163,undefined,5000
16.158163,undefined,25000
16.259184,0.000025561450457,50
16.259184,0.071104182136,200
16.259184,0.58935752008,1000
16.259184,undefined,5000
16.259184,undefined,25000
16.360204,0.000022404829451,50
16.360204,0.068799325533,200
16.360204,0.58548616133,1000
16.360204,undefined,5000
16.360204,undefined,25000
16.461224,0.000019621982858,50
16.461224,0.066555595712,200
16.461224,0.58161649037,1000
16.461224,undefined,5000
16.461224,undefined,25000
16.562245,0.000017170771002,50
16.562245,0.064371900022,200
16.562245,0.57774881088,1000
16.562245,undefined,5000
16.562245,undefined,25000
16.663265,0.000015013509255,50
16.663265,0.062247145455,200
16.663265,0.57388342433,1000
16.663265,undefined,5000
16.663265,undefined,25000
16.764286,0.000013116564389,50
16.764286,0.060180239434,200
16.764286,0.57002062992,1000
16.764286,undefined,5000
16.764286,undefined,25000
16.865306,0.000011449945987,50
16.865306,0.058170090748,200
16.865306,0.56616072442,1000
16.865306,undefined,5000
16.865306,undefined,25000
16.966327,0.0000099869238852,50
16.966327,0.056215610351,200
16.966327,0.56230400237,1000
16.966327,undefined,5000
16.966327,undefined,25000
17.067347,0.0000087037383878,50
17.067347,0.054315712175,200
17.067347,0.55845075588,1000
17.067347,undefined,5000
17.067347,undefined,25000
17.168367,0.0000075792457892,50
17.168367,0.052469313898,200
17.168367,0.55460127462,1000
17.168367,undefined,5000
17.168367,undefined,25000
17.269388,0.0000065946372843,50
17.269388,0.050675337666,200
17.269388,0.55075584583,1000
17.269388,undefined,5000
17.269388,undefined,25000
17.370408,0.0000057332513848,50
17.370408,0.048932710864,200
17.370408,0.54691475424,1000
17.370408,undefined,5000
17.370408,undefined,25000
17.471429,0.0000049803181241,50
17.471429,0.047240366721,200
17.471429,0.54307828209,1000
17.471429,undefined,5000
17.471429,undefined,25000
17.572449,0.000004322728671,50
17.572449,0.045597245023,200
17.572449,0.53924670912,1000
17.572449,undefined,5000
17.572449,undefined,25000
17.673469,0.0000037489041347,50
17.673469,0.044002292701,200
17.673469,0.53542031243,1000
17.673469,undefined,5000
17.673469,undefined,25000
17.77449,0.0000032486074133,50
17.77449,0.042454464451,200
17.77449,0.5315993666,1000
17.77449,undefined,5000
17.77449,undefined,25000
17.87551,0.0000028127795986,50
17.87551,0.040952723311,200
17.87551,0.52778414351,1000
17.87551,undefined,5000
17.87551,undefined,25000
17.976531,0.0000024334298132,50
17.976531,0.039496041141,200
17.976531,0.52397491249,1000
17.976531,undefined,5000
17.976531,undefined,25000
18.077551,0.000002103518284,50
18.077551,0.038083399191,200
18.077551,0.52017194012,1000
18.077551,undefined,5000
18.077551,undefined,25000
18.178571,0.0000018168468046,50
18.178571,0.036713788595,200
18.178571,0.51637549036,1000
18.178571,undefined,5000
18.178571,undefined,25000
18.279592,0.0000015679702301,50
18.279592,0.035386210729,200
18.279592,0.51258582434,1000
18.279592,undefined,5000
18.279592,undefined,25000
18.380612,0.0000013520883044,50
18.380612,0.03409967779,200
18.380612,0.50880320061,1000
18.380612,undefined,5000
18.380612,undefined,25000
18.481633,0.0000011649750604,50
18.481633,0.032853213095,200
18.481633,0.50502787479,1000
18.481633,undefined,5000
18.481633,undefined,25000
18.582653,0.0000010029348232,50
18.582653,0.03164585143,200
18.582653,0.50126009988,1000
18.582653,undefined,5000
18.582653,undefined,25000
18.683673,8.6272052613e-7,50
18.683673,0.030476639505,200
18.683673,0.49750012596,1000
18.683673,undefined,5000
18.683673,undefined,25000
18.784694,7.4151836316e-7,50
18.784694,0.029344636275,200
18.784694,0.49374820032,1000
18.784694,undefined,5000
18.784694,undefined,25000
18.885714,6.3681000029e-7,50
18.885714,0.028248913091,200
18.885714,0.49000456741,1000
18.885714,undefined,5000
18.885714,undefined,25000
18.986735,5.4644249303e-7,50
18.986735,0.02718855418,200
18.986735,0.48626946885,1000
18.986735,undefined,5000
18.986735,undefined,25000
19.087755,4.6853045887e-7,50
19.087755,0.02616265676,200
19.087755,0.48254314331,1000
19.087755,undefined,5000
19.087755,undefined,25000
19.188776,4.0138507984e-7,50
19.188776,0.025170331366,200
19.188776,0.4788258267,1000
19.188776,undefined,5000
19.188776,undefined,25000
19.289796,3.4358646417e-7,50
19.289796,0.024210701973,200
19.289796,0.47511775179,1000
19.289796,undefined,5000
19.289796,undefined,25000
19.390816,2.9386217193e-7,50
19.390816,0.023282906253,200
19.390816,0.47141914866,1000
19.390816,undefined,5000
19.390816,undefined,25000
19.491837,2.5114144364e-7,50
19.491837,0.022386095727,200
19.491837,0.46773024434,1000
19.491837,undefined,5000
19.491837,undefined,25000
19.592857,2.1444981257e-7,50
19.592857,0.021519435907,200
19.592857,0.46405126288,1000
19.592857,undefined,5000
19.592857,undefined,25000
19.693878,1.8296515236e-7,50
19.693878,0.020682106427,200
19.693878,0.46038242545,1000
19.693878,undefined,5000
19.693878,undefined,25000
19.794898,1.5597947822e-7,50
19.794898,0.019873301139,200
19.794898,0.45672395017,1000
19.794898,undefined,5000
19.794898,undefined,25000
19.895918,1.328726853e-7,50
19.895918,0.019092228238,200
19.895918,0.45307605212,1000
19.895918,undefined,5000
19.895918,undefined,25000
19.996939,1.1309032288e-7,50
19.996939,0.018338110316,200
19.996939,0.44943894354,1000
19.996939,undefined,5000
19.996939,undefined,25000
20.097959,9.6175881481e-8,50
20.097959,0.017610184412,200
20.097959,0.44581283354,1000
20.097959,undefined,5000
20.097959,undefined,25000
20.19898,8.172202115e-8,50
20.19898,0.016907702051,200
20.19898,0.44219792815,1000
20.19898,undefined,5000
20.19898,undefined,25000
20.3,6.9389386681e-8,50
20.3,0.01622992926,200
20.3,0.43859443051,1000
20.3,undefined,5000
20.3,undefined,25000
20.40102,5.8868408814e-8,50
20.40102,0.01557614666,200
20.40102,0.43500254059,1000
20.40102,undefined,5000
20.40102,undefined,25000
20.502041,4.9900279464e-8,50
20.502041,0.014945649313,200
20.502041,0.4314224554,1000
20.502041,undefined,5000
20.502041,undefined,25000
20.603061,4.2262172428e-8,50
20.603061,0.014337746811,200
20.603061,0.4278543689,1000
20.603061,undefined,5000
20.603061,undefined,25000
20.704082,3.5765197026e-8,50
20.704082,0.013751763213,200
20.704082,0.42429847183,1000
20.704082,undefined,5000
20.704082,undefined,25000
20.805102,3.0241096738e-8,50
20.805102,0.013187036973,200
20.805102,0.42075495208,1000
20.805102,undefined,5000
20.805102,undefined,25000
20.906122,2.55504915e-8,50
20.906122,0.012642920908,200
20.906122,0.41722399433,1000
20.906122,undefined,5000
20.906122,undefined,25000
21.007143,2.1567586828e-8,50
21.007143,0.012118782109,200
21.007143,0.41370578021,1000
21.007143,undefined,5000
21.007143,undefined,25000
21.108163,1.8193929918e-8,50
21.108163,0.011614001916,200
21.108163,0.41020048826,1000
21.108163,undefined,5000
21.108163,undefined,25000
21.209184,1.5333853298e-8,50
21.209184,0.011127975697,200
21.209184,0.40670829402,1000
21.209184,undefined,5000
21.209184,undefined,25000
21.310204,1.2910561509e-8,50
21.310204,0.010660112874,200
21.310204,0.40322936979,1000
21.310204,undefined,5000
21.310204,undefined,25000
21.411224,1.0859196209e-8,50
21.411224,0.01020983673,200
21.411224,0.39976388492,1000
21.411224,undefined,5000
21.411224,undefined,25000
21.512245,9.1350784714e-9,50
21.512245,0.0097765843347,200
21.512245,0.39631200553,1000
21.512245,undefined,5000
21.512245,undefined,25000
21.613265,7.6748847277e-9,50
21.613265,0.0093598063509,200
21.613265,0.39287389482,1000
21.613265,undefined,5000
21.613265,undefined,25000
21.714286,6.449738521e-9,50
21.714286,0.0089589669714,200
21.714286,0.38944971274,1000
21.714286,undefined,5000
21.714286,undefined,25000
21.815306,5.4116640058e-9,50
21.815306,0.0085735437385,200
21.815306,0.3860396163,1000
21.815306,undefined,5000
21.815306,undefined,25000
21.916327,4.5226329348e-9,50
21.916327,0.008203027319,200
21.916327,0.38264375928,1000
21.916327,undefined,5000
21.916327,undefined,25000
22.017347,3.7929908103e-9,50
22.017347,0.0078469214935,200
22.017347,0.37926229243,1000
22.017347,undefined,5000
22.017347,undefined,25000
22.118367,3.1806166589e-9,50
22.118367,0.0075047428851,200
22.118367,0.37589536347,1000
22.118367,undefined,5000
22.118367,undefined,25000
22.219388,2.6557813726e-9,50
22.219388,0.0071760207532,200
22.219388,0.37254311698,1000
22.219388,undefined,5000
22.219388,undefined,25000
22.320408,2.209219474e-9,50
22.320408,0.0068602969344,200
22.320408,0.36920569444,1000
22.320408,undefined,5000
22.320408,undefined,25000
22.421429,1.8457058104e-9,50
22.421429,0.0065571256028,200
22.421429,0.36588323434,1000
22.421429,undefined,5000
22.421429,undefined,25000
22.522449,1.5443220036e-9,50
22.522449,0.0062660730047,200
22.522449,0.36257587202,1000
22.522449,undefined,5000
22.522449,undefined,25000
22.623469,1.2840928321e-9,50
22.623469,0.0059867173734,200
22.623469,0.35928373984,1000
22.623469,undefined,5000
22.623469,undefined,25000
22.72449,1.067633093e-9,50
22.72449,0.0057186487578,200
22.72449,0.356006967,1000
22.72449,undefined,5000
22.72449,undefined,25000
22.82551,8.8186880021e-10,50
22.82551,0.0054614686881,200
22.82551,0.35274567977,1000
22.82551,undefined,5000
22.82551,undefined,25000
22.926531,7.4317085819e-10,50
22.926531,0.0052147901032,200
22.926531,0.34950000129,1000
22.926531,undefined,5000
22.926531,undefined,25000
23.027551,6.1652372096e-10,50
23.027551,0.0049782370851,200
23.027551,0.34627005167,1000
23.027551,undefined,5000
23.027551,undefined,25000
23.128571,5.0977178034e-10,50
23.128571,0.0047514447155,200
23.128571,0.34305594809,1000
23.128571,undefined,5000
23.128571,undefined,25000
23.229592,4.3075942813e-10,50
23.229592,0.0045340587508,200
23.229592,0.33985780459,1000
23.229592,undefined,5000
23.229592,undefined,25000
23.330612,3.4947333916e-10,50
23.330612,0.0043257355494,200
23.330612,0.33667573228,1000
23.330612,undefined,5000
23.330612,undefined,25000
23.431633,2.8308022593e-10,50
23.431633,0.0041261417852,200
23.431633,0.3335098392,1000
23.431633,undefined,5000
23.431633,undefined,25000
23.532653,2.3578650143e-10,50
23.532653,0.0039349542446,200
23.532653,0.33036023056,1000
23.532653,undefined,5000
23.532653,undefined,25000
23.633673,1.9053914002e-10,50
23.633673,0.0037518597144,200
23.633673,0.32722700843,1000
23.633673,undefined,5000
23.633673,undefined,25000
23.734694,1.7337242753e-10,50
23.734694,0.0035765545134,200
23.734694,0.32411027199,1000
23.734694,undefined,5000
23.734694,undefined,25000
23.835714,1.3767476048e-10,50
23.835714,0.0034087446464,200
23.835714,0.32101011742,1000
23.835714,undefined,5000
23.835714,undefined,25000
23.936735,1.1812062439e-10,50
23.936735,0.0032481453045,200
23.936735,0.31792663804,1000
23.936735,undefined,5000
23.936735,undefined,25000
24.037755,8.9016793936e-11,50
24.037755,0.0030944807733,200
24.037755,0.31485992416,1000
24.037755,undefined,5000
24.037755,undefined,25000
24.138776,6.7188921093e-11,50
24.138776,0.002947484192,200
24.138776,0.31181006326,1000
24.138776,undefined,5000
24.138776,undefined,25000
24.239796,5.4114934755e-11,50
24.239796,0.0028068974235,200
24.239796,0.30877713986,1000
24.239796,undefined,5000
24.239796,undefined,25000
24.340816,5.138645065e-11,50
24.340816,0.0026724707363,200
24.340816,0.30576123559,1000
24.340816,undefined,5000
24.340816,undefined,25000
24.441837,3.9676706365e-11,50
24.441837,0.0025439626636,200
24.441837,0.30276242931,1000
24.441837,undefined,5000
24.441837,undefined,25000
24.542857,3.2059688237e-11,50
24.542857,0.0024211398357,200
24.542857,0.29978079682,1000
24.542857,undefined,5000
24.542857,undefined,25000
24.643878,3.092281986e-11,50
24.643878,0.0023037766274,200
24.643878,0.2968164113,1000
24.643878,undefined,5000
24.643878,undefined,25000
24.744898,2.6830093702e-11,50
24.744898,0.0021916551556,200
24.744898,0.29386934301,1000
24.744898,undefined,5000
24.744898,undefined,25000
24.845918,2.9103830457e-11,50
24.845918,0.0020845649433,200
24.845918,0.29093965943,1000
24.845918,undefined,5000
24.845918,undefined,25000
24.946939,2.0008883439e-11,50
24.946939,0.0019823028397,200
24.946939,0.28802742518,1000
24.946939,undefined,5000
24.946939,undefined,25000
25.047959,8.98126018e-12,50
25.047959,0.0018846726854,200
25.047959,0.28513270217,1000
25.047959,undefined,5000
25.047959,undefined,25000
25.14898,7.0485839387e-12,50
25.14898,0.0017914852202,200
25.14898,0.28225554955,1000
25.14898,undefined,5000
25.14898,undefined,25000
25.25,1.3756107364e-11,50
25.25,0.0017025578636,200
25.25,0.27939602377,1000
25.25,undefined,5000
25.25,undefined,25000
25.35102,1.045918907e-11,50
25.35102,0.0016177145377,200
25.35102,0.27655417846,1000
25.35102,undefined,5000
25.35102,undefined,25000
25.452041,9.3223206932e-12,50
25.452041,0.0015367855333,200
25.452041,0.27373006463,1000
25.452041,undefined,5000
25.452041,undefined,25000
25.553061,7.1622707765e-12,50
25.553061,0.0014596071825,200
25.553061,0.27092373062,1000
25.553061,undefined,5000
25.553061,undefined,25000
25.654082,5.5706550484e-12,50
25.654082,0.0013860218628,200
25.654082,0.26813522204,1000
25.654082,undefined,5000
25.654082,undefined,25000
25.755102,2.1600499167e-12,50
25.755102,0.001315877706,200
25.755102,0.26536458192,1000
25.755102,undefined,5000
25.755102,undefined,25000
25.856122,2.5011104299e-12,50
25.856122,0.0012490284622,200
25.856122,0.26261185067,1000
25.856122,undefined,5000
25.856122,undefined,25000
25.957143,2.5011104299e-12,50
25.957143,0.0011853333436,200
25.957143,0.25987706601,1000
25.957143,undefined,5000
25.957143,undefined,25000
26.058163,7.2759576142e-12,50
26.058163,0.0011246568507,200
26.058163,0.25716026325,1000
26.058163,undefined,5000
26.058163,undefined,25000
26.159184,1.5916157281e-12,50
26.159184,0.0010668685554,200
26.159184,0.25446147497,1000
26.159184,undefined,5000
26.159184,undefined,25000
26.260204,3.1832314562e-12,50
26.260204,0.0010118430575,200
26.260204,0.25178073129,1000
26.260204,undefined,5000
26.260204,undefined,25000
26.361224,5.6843418861e-13,50
26.361224,0.00095945978421,200
26.361224,0.24911805987,1000
26.361224,undefined,5000
26.361224,undefined,25000
26.462245,4.4337866711e-12,50
26.462245,0.00090960270916,200
26.462245,0.24647348571,1000
26.462245,undefined,5000
26.462245,undefined,25000
26.563265,2.9558577808e-12,50
26.563265,0.00086216039642,200
26.563265,0.2438470316,1000
26.563265,undefined,5000
26.563265,undefined,25000
26.664286,5.6843418861e-12,50
26.664286,0.00081702575733,200
26.664286,0.2412387176,1000
26.664286,undefined,5000
26.664286,undefined,25000
26.765306,2.2737367544e-12,50
26.765306,0.00077409595076,200
26.765306,0.23864856152,1000
26.765306,undefined,5000
26.765306,undefined,25000
26.866327,8.0717654782e-12,50
26.866327,0.0007332721633,200
26.866327,0.23607657875,1000
26.866327,undefined,5000
26.866327,undefined,25000
26.967347,8.2991391537e-12,50
26.967347,0.0006944595375,200
26.967347,0.23352278224,1000
26.967347,undefined,5000
26.967347,undefined,25000
27.068367,2.6147972676e-12,50
27.068367,0.00065756708091,200
27.068367,0.2309871826,1000
27.068367,undefined,5000
27.068367,undefined,25000
27.169388,3.1832314562e-12,50
27.169388,0.0006225074394,200
27.169388,0.22846978821,1000
27.169388,undefined,5000
27.169388,undefined,25000
27.270408,1.5916157281e-12,50
27.270408,0.00058919682363,200
27.270408,0.22597060501,1000
27.270408,undefined,5000
27.270408,undefined,25000
27.371429,1.5916157281e-12,50
27.371429,0.00055755483925,200
27.371429,0.22348963665,1000
27.371429,undefined,5000
27.371429,undefined,25000
27.472449,1.8189894035e-12,50
27.472449,0.00052750446287,200
27.472449,0.22102688471,1000
27.472449,undefined,5000
27.472449,undefined,25000
27.573469,1.5916157281e-12,50
27.573469,0.00049897189626,200
27.573469,0.2185823483,1000
27.573469,undefined,5000
27.573469,undefined,25000
27.67449,8.185452316e-12,50
27.67449,0.0004718862923,200
27.67449,0.21615602444,1000
27.67449,undefined,5000
27.67449,undefined,25000
27.77551,9.0949470177e-13,50
27.77551,0.00044617988556,200
27.77551,0.21374790795,1000
27.77551,undefined,5000
27.77551,undefined,25000
27.876531,3.5242919694e-12,50
27.876531,0.00042178779552,200
27.876531,0.21135799153,1000
27.876531,undefined,5000
27.876531,undefined,25000
27.977551,4.888534022e-12,50
27.977551,0.00039864777705,200
27.977551,0.20898626568,1000
27.977551,undefined,5000
27.977551,undefined,25000
28.078571,4.2064129957e-12,50
28.078571,0.00037670037705,200
28.078571,0.20663271883,1000
28.078571,undefined,5000
28.078571,undefined,25000
28.179592,5.6843418861e-12,50
28.179592,0.00035588862204,200
28.179592,0.20429733727,1000
28.179592,undefined,5000
28.179592,undefined,25000
28.280612,2.842170943e-12,50
28.280612,0.00033615810003,200
28.280612,0.20198010532,1000
28.280612,undefined,5000
28.280612,undefined,25000
28.381633,3.5242919694e-12,50
28.381633,0.00031745657691,200
28.381633,0.1996810052,1000
28.381633,undefined,5000
28.381633,undefined,25000
28.482653,7.2759576142e-12,50
28.482653,0.00029973434914,200
28.482653,0.19740001715,1000
28.482653,undefined,5000
28.482653,undefined,25000
28.583673,9.0949470177e-13,50
28.583673,0.00028294367701,200
28.583673,0.19513711944,1000
28.583673,undefined,5000
28.583673,undefined,25000
28.684694,3.2969182939e-12,50
28.684694,0.00026703914739,200
28.684694,0.19289228838,1000
28.684694,undefined,5000
28.684694,undefined,25000
28.785714,7.9580786405e-13,50
28.785714,0.00025197714319,200
28.785714,0.19066549831,1000
28.785714,undefined,5000
28.785714,undefined,25000
28.886735,5.6843418861e-13,50
28.886735,0.00023771616588,200
28.886735,0.18845672179,1000
28.886735,undefined,5000
28.886735,undefined,25000
28.987755,2.5011104299e-12,50
28.987755,0.00022421654364,200
28.987755,0.18626592929,1000
28.987755,undefined,5000
28.987755,undefined,25000
29.088776,3.7516656448e-12,50
29.088776,0.00021144043023,200
29.088776,0.1840930896,1000
29.088776,undefined,5000
29.088776,undefined,25000
29.189796,4.3200998334e-12,50
29.189796,0.00019935157115,200
29.189796,0.18193816974,1000
29.189796,undefined,5000
29.189796,undefined,25000
29.290816,8.0717654782e-12,50
29.290816,0.00018791551975,200
29.290816,0.17980113476,1000
29.290816,undefined,5000
29.290816,undefined,25000
29.391837,2.2737367544e-13,50
29.391837,0.00017709941881,200
29.391837,0.17768194808,1000
29.391837,undefined,5000
29.391837,undefined,25000
29.492857,3.7516656448e-12,50
29.492857,0.00016687176924,200
29.492857,0.17558057126,1000
29.492857,undefined,5000
29.492857,undefined,25000
29.593878,8.7538865046e-12,50
29.593878,0.00015720265856,200
29.593878,0.17349696427,1000
29.593878,undefined,5000
29.593878,undefined,25000
29.694898,9.8907548818e-12,50
29.694898,0.00014806362219,200
29.694898,0.17143108533,1000
29.694898,undefined,5000
29.694898,undefined,25000
29.795918,1.4779288904e-12,50
29.795918,0.00013942742476,200
29.795918,0.16938289093,1000
29.795918,undefined,5000
29.795918,undefined,25000
29.896939,4.4337866711e-12,50
29.896939,0.00013126812405,200
29.896939,0.16735233607,1000
29.896939,undefined,5000
29.896939,undefined,25000
29.997959,4.5474735089e-13,50
29.997959,0.00012356114075,200
29.997959,0.16533937405,1000
29.997959,undefined,5000
29.997959,undefined,25000
30.09898,5.6843418861e-13,50
30.09898,0.00011628289042,200
30.09898,0.16334395657,1000
30.09898,undefined,5000
30.09898,undefined,25000
30.2,3.8653524825e-12,50
30.2,0.00010941104927,200
30.2,0.16136603386,1000
30.2,undefined,5000
30.2,undefined,25000
30.30102,2.2737367544e-12,50
30.30102,0.00010292422485,200
30.30102,0.15940555455,1000
30.30102,undefined,5000
30.30102,undefined,25000
30.402041,1.1368683772e-13,50
30.402041,0.000096802312669,200
30.402041,0.15746246578,1000
30.402041,undefined,5000
30.402041,undefined,25000
30.503061,4.888534022e-12,50
30.503061,0.000091025926736,200
30.503061,0.15553671327,1000
30.503061,undefined,5000
30.503061,undefined,25000
30.604082,5.6843418861e-12,50
30.604082,0.000085576753804,200
30.604082,0.15362824125,1000
30.604082,undefined,5000
30.604082,undefined,25000
30.705102,6.7075234256e-12,50
30.705102,0.00008043737148,200
30.705102,0.1517369925,1000
30.705102,undefined,5000
30.705102,undefined,25000
30.806122,3.0695446185e-12,50
30.806122,0.000075591195923,200
30.806122,0.1498629085,1000
30.806122,undefined,5000
30.806122,undefined,25000
30.907143,3.6379788071e-12,50
30.907143,0.000071022493898,200
30.907143,0.14800592926,1000
30.907143,undefined,5000
30.907143,undefined,25000
31.008163,8.2991391537e-12,50
31.008163,0.000066716332299,200
31.008163,0.1461659935,1000
31.008163,undefined,5000
31.008163,undefined,25000
31.109184,5.1159076975e-12,50
31.109184,0.000062658448769,200
31.109184,0.14434303859,1000
31.109184,undefined,5000
31.109184,undefined,25000
31.210204,8.98126018e-12,50
31.210204,0.000058835384039,200
31.210204,0.14253700074,1000
31.210204,undefined,5000
31.210204,undefined,25000
31.311224,4.4337866711e-12,50
31.311224,0.000055234312185,200
31.311224,0.14074781471,1000
31.311224,undefined,5000
31.311224,undefined,25000
31.412245,6.3664629124e-12,50
31.412245,0.000051843019719,200
31.412245,0.13897541414,1000
31.412245,undefined,5000
31.412245,undefined,25000
31.513265,3.7516656448e-12,50
31.513265,0.000048650028589,200
31.513265,0.13721973148,1000
31.513265,undefined,5000
31.513265,undefined,25000
31.614286,1.1368683772e-12,50
31.614286,0.000045644387569,200
31.614286,0.13548069795,1000
31.614286,undefined,5000
31.614286,undefined,25000
31.715306,2.1600499167e-12,50
31.715306,0.000042815691813,200
31.715306,0.1337582436,1000
31.715306,undefined,5000
31.715306,undefined,25000
31.816327,8.0717654782e-12,50
31.816327,0.000040154137878,200
31.816327,0.13205229735,1000
31.816327,undefined,5000
31.816327,undefined,25000
31.917347,8.7538865046e-12,50
31.917347,0.000037650319655,200
31.917347,0.1303627871,1000
31.917347,undefined,5000
31.917347,undefined,25000
32.018367,6.5938365879e-12,50
32.018367,0.000035295392081,200
32.018367,0.12868963957,1000
32.018367,undefined,5000
32.018367,undefined,25000
32.119388,3.1832314562e-12,50
32.119388,0.000033081094443,200
32.119388,0.12703278049,1000
32.119388,undefined,5000
32.119388,undefined,25000
32.220408,2.9558577808e-12,50
32.220408,0.000030999292221,200
32.220408,0.12539213453,1000
32.220408,undefined,5000
32.220408,undefined,25000
32.321429,2.2737367544e-13,50
32.321429,0.000029042605092,200
32.321429,0.12376762541,1000
32.321429,undefined,5000
32.321429,undefined,25000
32.422449,5.0022208598e-12,50
32.422449,0.000027203895115,200
32.422449,0.12215917579,1000
32.422449,undefined,5000
32.422449,undefined,25000
32.523469,3.4106051316e-12,50
32.523469,0.000025476369274,200
32.523469,0.12056670744,1000
32.523469,undefined,5000
32.523469,undefined,25000
32.62449,1.1823431123e-11,50
32.62449,0.000023853668381,200
32.62449,0.1189901412,1000
32.62449,undefined,5000
32.62449,undefined,25000
32.72551,5.2295945352e-12,50
32.72551,0.000022329774538,200
32.72551,0.11742939693,1000
32.72551,undefined,5000
32.72551,undefined,25000
32.826531,8.8675733423e-12,50
32.826531,0.000020898989078,200
32.826531,0.11588439378,1000
32.826531,undefined,5000
32.826531,undefined,25000
32.927551,5.2295945352e-12,50
32.927551,0.000019555886638,200
32.927551,0.11435504993,1000
32.927551,undefined,5000
32.927551,undefined,25000
33.028571,2.2737367544e-12,50
33.028571,0.000018295314931,200
33.028571,0.11284128272,1000
33.028571,undefined,5000
33.028571,undefined,25000
33.129592,2.9558577808e-12,50
33.129592,0.000017112547539,200
33.129592,0.11134300867,1000
33.129592,undefined,5000
33.129592,undefined,25000
33.230612,2.5011104299e-12,50
33.230612,0.000016002991742,200
33.230612,0.10986014373,1000
33.230612,undefined,5000
33.230612,undefined,25000
33.331633,4.092726158e-12,50
33.331633,0.000014962312889,200
33.331633,0.10839260277,1000
33.331633,undefined,5000
33.331633,undefined,25000
33.432653,2.5011104299e-12,50
33.432653,0.000013986435079,200
33.432653,0.10694030018,1000
33.432653,undefined,5000
33.432653,undefined,25000
33.533673,3.1832314562e-12,50
33.533673,0.00001307157504,200
33.533673,0.10550314952,1000
33.533673,undefined,5000
33.533673,undefined,25000
33.634694,7.5033312896e-12,50
33.634694,0.000012214038861,200
33.634694,0.10408106381,1000
33.634694,undefined,5000
33.634694,undefined,25000
33.735714,6.3664629124e-12,50
33.735714,0.000011410411162,200
33.735714,0.10267395515,1000
33.735714,undefined,5000
33.735714,undefined,25000
33.836735,4.5474735089e-13,50
33.836735,0.000010657511666,200
33.836735,0.10128173525,1000
33.836735,undefined,5000
33.836735,undefined,25000
33.937755,1.5916157281e-12,50
33.937755,0.0000099522703749,200
33.937755,0.099904315116,1000
33.937755,undefined,5000
33.937755,undefined,25000
34.038776,4.7748471843e-12,50
34.038776,0.0000092917821348,200
34.038776,0.098541605113,1000
34.038776,undefined,5000
34.038776,undefined,25000
34.139796,1.3642420527e-11,50
34.139796,0.0000086733248281,200
34.139796,0.097193515119,1000
34.139796,undefined,5000
34.139796,undefined,25000
34.240816,8.185452316e-12,50
34.240816,0.0000080944594174,200
34.240816,0.095859954432,1000
34.240816,undefined,5000
34.240816,undefined,25000
34.341837,8.4128259914e-12,50
34.341837,0.0000075526056662,200
34.341837,0.094540831805,1000
34.341837,undefined,5000
34.341837,undefined,25000
34.442857,2.5011104299e-12,50
34.442857,0.0000070456094363,200
34.442857,0.093236055532,1000
34.442857,undefined,5000
34.442857,undefined,25000
34.543878,2.5011104299e-12,50
34.543878,0.0000065713431923,200
34.543878,0.091945533343,1000
34.543878,undefined,5000
34.543878,undefined,25000
34.644898,7.2759576142e-12,50
34.644898,0.0000061277601162,200
34.644898,0.09066917266,1000
34.644898,undefined,5000
34.644898,undefined,25000
34.745918,1.3642420527e-12,50
34.745918,0.0000057128524986,200
34.745918,0.089406880318,1000
34.745918,undefined,5000
34.745918,undefined,25000
34.846939,2.046363079e-12,50
34.846939,0.0000053250498695,200
34.846939,0.088158562831,1000
34.846939,undefined,5000
34.846939,undefined,25000
34.947959,7.0485839387e-12,50
34.947959,0.0000049625107295,200
34.947959,0.086924126252,1000
34.947959,undefined,5000
34.947959,undefined,25000
35.04898,1.000444172e-11,50
35.04898,0.00000462372941,200
35.04898,0.085703476281,1000
35.04898,undefined,5000
35.04898,undefined,25000
35.15,5.9117155615e-12,50
35.15,0.0000043071938762,200
35.15,0.084496518225,1000
35.15,undefined,5000
35.15,undefined,25000
35.25102,4.092726158e-12,50
35.25102,0.0000040114916828,200
35.25102,0.083303157249,1000
35.25102,undefined,5000
35.25102,undefined,25000
35.352041,2.2737367544e-13,50
35.352041,0.0000037353572679,200
35.352041,0.082123297908,1000
35.352041,undefined,5000
35.352041,undefined,25000
35.453061,4.3200998334e-12,50
35.453061,0.0000034775077893,200
35.453061,0.080956844678,1000
35.453061,undefined,5000
35.453061,undefined,25000
35.554082,1.3642420527e-12,50
35.554082,0.0000032368393477,200
35.554082,0.079803701656,1000
35.554082,undefined,5000
35.554082,undefined,25000
35.655102,8.185452316e-12,50
35.655102,0.0000030121320833,200
35.655102,0.078663772819,1000
35.655102,undefined,5000
35.655102,undefined,25000
35.756122,5.0022208598e-12,50
35.756122,0.0000028024692256,200
35.756122,0.077536961674,1000
35.756122,undefined,5000
35.756122,undefined,25000
35.857143,4.5474735089e-13,50
35.857143,0.0000026069021715,200
35.857143,0.076423171746,1000
35.857143,undefined,5000
35.857143,undefined,25000
35.958163,0,50
35.958163,0.00000242445617,200
35.958163,0.075322306271,1000
35.958163,undefined,5000
35.958163,undefined,25000
36.059184,3.8653524825e-12,50
36.059184,0.0000022543576961,200
36.059184,0.074234268273,1000
36.059184,undefined,5000
36.059184,undefined,25000
36.160204,3.8653524825e-12,50
36.160204,0.0000020957213565,200
36.160204,0.073158960578,1000
36.160204,undefined,5000
36.160204,undefined,25000
36.261224,1.5916157281e-12,50
36.261224,0.0000019478982267,200
36.261224,0.072096286075,1000
36.261224,undefined,5000
36.261224,undefined,25000
36.362245,1.8189894035e-12,50
36.362245,0.0000018100881789,200
36.362245,0.071046147285,1000
36.362245,undefined,5000
36.362245,undefined,25000
36.463265,6.8212102633e-13,50
36.463265,0.0000016817252799,200
36.463265,0.070008446744,1000
36.463265,undefined,5000
36.463265,undefined,25000
36.564286,1.3642420527e-12,50
36.564286,0.0000015621417333,200
36.564286,0.068983086885,1000
36.564286,undefined,5000
36.564286,undefined,25000
36.665306,3.1832314562e-12,50
36.665306,0.0000014507379547,200
36.665306,0.067969970057,1000
36.665306,undefined,5000
36.665306,undefined,25000
36.766327,7.2759576142e-12,50
36.766327,0.0000013470034901,200
36.766327,0.066968998553,1000
36.766327,undefined,5000
36.766327,undefined,25000
36.867347,8.6401996668e-12,50
36.867347,0.0000012504781353,200
36.867347,0.06598007463,1000
36.867347,undefined,5000
36.867347,undefined,25000
36.968367,5.2295945352e-12,50
36.968367,0.0000011605852706,200
36.968367,0.065003100543,1000
36.968367,undefined,5000
36.968367,undefined,25000
37.069388,6.8212102633e-13,50
37.069388,0.0000010769238088,200
37.069388,0.064037978494,1000
37.069388,undefined,5000
37.069388,undefined,25000
37.170408,3.6379788071e-12,50
37.170408,9.9911608231e-7,200
37.170408,0.06308461075,1000
37.170408,undefined,5000
37.170408,undefined,25000
37.271429,1.3642420527e-12,50
37.271429,9.2678715191e-7,200
37.271429,0.062142899513,1000
37.271429,undefined,5000
37.271429,undefined,25000
37.372449,1.8189894035e-12,50
37.372449,8.5943111117e-7,200
37.372449,0.061212747125,1000
37.372449,undefined,5000
37.372449,undefined,25000
37.473469,9.0949470177e-13,50
37.473469,7.968301361e-7,200
37.473469,0.060294055927,1000
37.473469,undefined,5000
37.473469,undefined,25000
37.57449,1.4097167877e-11,50
37.57449,7.3867840911e-7,200
37.57449,0.059386728376,1000
37.57449,undefined,5000
37.57449,undefined,25000
37.67551,5.0022208598e-12,50
37.67551,6.8458007263e-7,200
37.67551,0.058490666956,1000
37.67551,undefined,5000
37.67551,undefined,25000
37.776531,1.4324541553e-11,50
37.776531,6.3434322328e-7,200
37.776531,0.057605774284,1000
37.776531,undefined,5000
37.776531,undefined,25000
37.877551,6.8212102633e-12,50
37.877551,5.8767568589e-7,200
37.877551,0.056731953111,1000
37.877551,undefined,5000
37.877551,undefined,25000
37.978571,2.046363079e-12,50
37.978571,5.4432734942e-7,200
37.978571,0.055869106229,1000
37.978571,undefined,5000
37.978571,undefined,25000
38.079592,1.1596057448e-11,50
38.079592,5.0408038987e-7,200
38.079592,0.055017136697,1000
38.079592,undefined,5000
38.079592,undefined,25000
38.180612,2.2737367544e-13,50
38.180612,4.6667310016e-7,200
38.180612,0.054175947638,1000
38.180612,undefined,5000
38.180612,undefined,25000
38.281633,5.4569682106e-12,50
38.281633,4.3199065658e-7,200
38.281633,0.05334544236,1000
38.281633,undefined,5000
38.281633,undefined,25000
38.382653,6.3664629124e-12,50
38.382653,3.9979136091e-7,200
38.382653,0.052525524378,1000
38.382653,undefined,5000
38.382653,undefined,25000
38.483673,1.1368683772e-12,50
38.483673,3.6992719288e-7,200
38.483673,0.051716097466,1000
38.483673,undefined,5000
38.483673,undefined,25000
38.584694,4.092726158e-12,50
38.584694,3.4226354728e-7,200
38.584694,0.050917065403,1000
38.584694,undefined,5000
38.584694,undefined,25000
38.685714,5.9117155615e-12,50
38.685714,3.1654622035e-7,200
38.685714,0.050128332349,1000
38.685714,undefined,5000
38.685714,undefined,25000
38.786735,2.7284841053e-12,50
38.786735,2.9270790947e-7,200
38.786735,0.049349802666,1000
38.786735,undefined,5000
38.786735,undefined,25000
38.887755,1.8189894035e-12,50
38.887755,2.7060400498e-7,200
38.887755,0.048581381037,1000
38.887755,undefined,5000
38.887755,undefined,25000
38.988776,9.0949470177e-13,50
38.988776,2.5015106075e-7,200
38.988776,0.047822972132,1000
38.988776,undefined,5000
38.988776,undefined,25000
39.089796,6.8212102633e-13,50
39.089796,2.311796834e-7,200
39.089796,0.047074481265,1000
39.089796,undefined,5000
39.089796,undefined,25000
39.190816,1.1141310097e-11,50
39.190816,2.1359187485e-7,200
39.190816,0.046335813731,1000
39.190816,undefined,5000
39.190816,undefined,25000
39.291837,1.8189894035e-12,50
39.291837,1.9731555767e-7,200
39.291837,0.045606875186,1000
39.291837,undefined,5000
39.291837,undefined,25000
39.392857,6.8212102633e-12,50
39.392857,1.8224454834e-7,200
39.392857,0.04488757172,1000
39.392857,undefined,5000
39.392857,undefined,25000
39.493878,5.4569682106e-12,50
39.493878,1.6825447346e-7,200
39.493878,0.044177809603,1000
39.493878,undefined,5000
39.493878,undefined,25000
39.594898,6.5938365879e-12,50
39.594898,1.5533169062e-7,200
39.594898,0.043477495398,1000
39.594898,undefined,5000
39.594898,undefined,25000
39.695918,2.2737367544e-12,50
39.695918,1.4336751519e-7,200
39.695918,0.04278653609,1000
39.695918,undefined,5000
39.695918,undefined,25000
39.796939,1.3642420527e-12,50
39.796939,1.3230533114e-7,200
39.796939,0.042104838926,1000
39.796939,undefined,5000
39.796939,undefined,25000
39.897959,2.046363079e-12,50
39.897959,1.2208374756e-7,200
39.897959,0.041432311695,1000
39.897959,undefined,5000
39.897959,undefined,25000
39.99898,9.0949470177e-13,50
39.99898,1.1262454791e-7,200
39.99898,0.040768862213,1000
39.99898,undefined,5000
39.99898,undefined,25000
40.1,2.2737367544e-13,50
40.1,1.0384792404e-7,200
40.1,0.04011439895,1000
40.1,undefined,5000
40.1,undefined,25000
40.20102,0,50
40.20102,9.5775703812e-8,200
40.20102,0.03946883068,1000
40.20102,undefined,5000
40.20102,undefined,25000
40.302041,0,50
40.302041,8.8277374743e-8,200
40.302041,0.038832066395,1000
40.302041,undefined,5000
40.302041,undefined,25000
40.403061,1.2732925825e-11,50
40.403061,8.1372490968e-8,200
40.403061,0.038204015717,1000
40.403061,undefined,5000
40.403061,undefined,25000
40.504082,5.2295945352e-12,50
40.504082,7.5002390076e-8,200
40.504082,0.037584588591,1000
40.504082,undefined,5000
40.504082,undefined,25000
40.605102,2.046363079e-12,50
40.605102,6.9145926318e-8,200
40.605102,0.036973695373,1000
40.605102,undefined,5000
40.605102,undefined,25000
40.706122,1.1368683772e-12,50
40.706122,6.3680545281e-8,200
40.706122,0.03637124677,1000
40.706122,undefined,5000
40.706122,undefined,25000
40.807143,3.8653524825e-12,50
40.807143,5.8604427977e-8,200
40.807143,0.035777153918,1000
40.807143,undefined,5000
40.807143,undefined,25000
40.908163,1.000444172e-11,50
40.908163,5.3994426708e-8,200
40.908163,0.035191328531,1000
40.908163,undefined,5000
40.908163,undefined,25000
41.009184,3.6379788071e-12,50
41.009184,4.9692516768e-8,200
41.009184,0.034613682629,1000
41.009184,undefined,5000
41.009184,undefined,25000
41.110204,8.6401996668e-12,50
41.110204,4.5727119868e-8,200
41.110204,0.034044128754,1000
41.110204,undefined,5000
41.110204,undefined,25000
41.211224,1.4551915228e-11,50
41.211224,4.2060491978e-8,200
41.211224,0.033482579812,1000
41.211224,undefined,5000
41.211224,undefined,25000
41.312245,5.4569682106e-12,50
41.312245,3.870945875e-8,200
41.312245,0.032928949387,1000
41.312245,undefined,5000
41.312245,undefined,25000
41.413265,2.9558577808e-12,50
41.413265,3.563059181e-8,200
41.413265,0.032383151165,1000
41.413265,undefined,5000
41.413265,undefined,25000
41.514286,5.6843418861e-12,50
41.514286,3.27527232e-8,200
41.514286,0.031845099592,1000
41.514286,undefined,5000
41.514286,undefined,25000
41.615306,8.8675733423e-12,50
41.615306,3.0111323213e-8,200
41.615306,0.031314709575,1000
41.615306,undefined,5000
41.615306,undefined,25000
41.716327,8.4128259914e-12,50
41.716327,2.7674559533e-8,200
41.716327,0.030791896351,1000
41.716327,undefined,5000
41.716327,undefined,25000
41.817347,4.092726158e-12,50
41.817347,2.5440840545e-8,200
41.817347,0.030276575848,1000
41.817347,undefined,5000
41.817347,undefined,25000
41.918367,4.5474735089e-13,50
41.918367,2.3390157367e-8,200
41.918367,0.02976866426,1000
41.918367,undefined,5000
41.918367,undefined,25000
42.019388,2.5011104299e-12,50
42.019388,2.1496816771e-8,200
42.019388,0.029268078562,1000
42.019388,undefined,5000
42.019388,undefined,25000
42.120408,1.0913936421e-11,50
42.120408,1.9727849576e-8,200
42.120408,0.028774736077,1000
42.120408,undefined,5000
42.120408,undefined,25000
42.221429,4.7748471843e-12,50
42.221429,1.8135779101e-8,200
42.221429,0.02828855449,1000
42.221429,undefined,5000
42.221429,undefined,25000
42.322449,3.8653524825e-12,50
42.322449,1.6638296074e-8,200
42.322449,0.027809452272,1000
42.322449,undefined,5000
42.322449,undefined,25000
42.423469,1.1368683772e-11,50
42.423469,1.5271325537e-8,200
42.423469,0.027337348346,1000
42.423469,undefined,5000
42.423469,undefined,25000
42.52449,2.5011104299e-12,50
42.52449,1.4012357497e-8,200
42.52449,0.02687216208,1000
42.52449,undefined,5000
42.52449,undefined,25000
42.62551,5.0022208598e-12,50
42.62551,1.2870941646e-8,200
42.62551,0.026413813416,1000
42.62551,undefined,5000
42.62551,undefined,25000
42.726531,6.3664629124e-12,50
42.726531,1.1787051335e-8,200
42.726531,0.02596222283,1000
42.726531,undefined,5000
42.726531,undefined,25000
42.827551,1.3642420527e-12,50
42.827551,1.0849362297e-8,200
42.827551,0.025517311294,1000
42.827551,undefined,5000
42.827551,undefined,25000
42.928571,1.4779288904e-11,50
42.928571,9.9282715382e-9,200
42.928571,0.025079000415,1000
42.928571,undefined,5000
42.928571,undefined,25000
43.029592,9.0949470177e-13,50
43.029592,9.1235961008e-9,200
43.029592,0.024647212283,1000
43.029592,undefined,5000
43.029592,undefined,25000
43.130612,3.1832314562e-12,50
43.130612,8.3612121671e-9,200
43.130612,0.024221869481,1000
43.130612,undefined,5000
43.130612,undefined,25000
43.231633,1.3642420527e-12,50
43.231633,7.6388460002e-9,200
43.231633,0.023802895329,1000
43.231633,undefined,5000
43.231633,undefined,25000
43.332653,2.7284841053e-12,50
43.332653,7.0037913247e-9,200
43.332653,0.023390213472,1000
43.332653,undefined,5000
43.332653,undefined,25000
43.433673,3.8653524825e-12,50
43.433673,6.441723599e-9,200
43.433673,0.022983748205,1000
43.433673,undefined,5000
43.433673,undefined,25000
43.534694,2.2737367544e-13,50
43.534694,5.85532689e-9,200
43.534694,0.022583424461,1000
43.534694,undefined,5000
43.534694,undefined,25000
43.635714,1.4779288904e-11,50
43.635714,5.3973963077e-9,200
43.635714,0.022189167645,1000
43.635714,undefined,5000
43.635714,undefined,25000
43.736735,7.5033312896e-12,50
43.736735,4.922867447e-9,200
43.736735,0.021800903733,1000
43.736735,undefined,5000
43.736735,undefined,25000
43.837755,3.4106051316e-12,50
43.837755,4.4926764531e-9,200
43.837755,0.021418559308,1000
43.837755,undefined,5000
43.837755,undefined,25000
43.938776,1.2505552149e-11,50
43.938776,4.1341081669e-9,200
43.938776,0.02104206145,1000
43.938776,undefined,5000
43.938776,undefined,25000
44.039796,1.0913936421e-11,50
44.039796,3.7653080653e-9,200
44.039796,0.020671338001,1000
44.039796,undefined,5000
44.039796,undefined,25000
44.140816,3.1832314562e-12,50
44.140816,3.436298357e-9,200
44.140816,0.020306316932,1000
44.140816,undefined,5000
44.140816,undefined,25000
44.241837,3.1832314562e-12,50
44.241837,3.1707259041e-9,200
44.241837,0.019946927354,1000
44.241837,undefined,5000
44.241837,undefined,25000
44.342857,5.2295945352e-12,50
44.342857,2.8869635571e-9,200
44.342857,0.019593098591,1000
44.342857,undefined,5000
44.342857,undefined,25000
44.443878,3.8653524825e-12,50
44.443878,2.6379893825e-9,200
44.443878,0.019244760565,1000
44.443878,undefined,5000
44.443878,undefined,25000
44.544898,6.5938365879e-12,50
44.544898,2.3997017706e-9,200
44.544898,0.018901843964,1000
44.544898,undefined,5000
44.544898,undefined,25000
44.645918,1.4324541553e-11,50
44.645918,2.194155968e-9,200
44.645918,0.018564279792,1000
44.645918,undefined,5000
44.645918,undefined,25000
44.746939,1.5006662579e-11,50
44.746939,2.0227162167e-9,200
44.746939,0.018231999944,1000
44.746939,undefined,5000
44.746939,undefined,25000
44.847959,7.9580786405e-12,50
44.847959,1.7985257728e-9,200
44.847959,0.017904936643,1000
44.847959,undefined,5000
44.847959,undefined,25000
44.94898,5.2295945352e-12,50
44.94898,1.674379746e-9,200
44.94898,0.017583022698,1000
44.94898,undefined,5000
44.94898,undefined,25000
45.05,4.3200998334e-12,50
45.05,1.5156729205e-9,200
45.05,0.0172661916,1000
45.05,undefined,5000
45.05,undefined,25000
45.15102,6.5938365879e-12,50
45.15102,1.3953922462e-9,200
45.15102,0.016954377519,1000
45.15102,undefined,5000
45.15102,undefined,25000
45.252041,1.045918907e-11,50
45.252041,1.2835243979e-9,200
45.252041,0.016647514952,1000
45.252041,undefined,5000
45.252041,undefined,25000
45.353061,8.185452316e-12,50
45.353061,1.1641532183e-9,200
45.353061,0.016345539101,1000
45.353061,undefined,5000
45.353061,undefined,25000
45.454082,1.1368683772e-11,50
45.454082,1.1023075785e-9,200
45.454082,0.016048385892,1000
45.454082,undefined,5000
45.454082,undefined,25000
45.555102,1.1823431123e-11,50
45.555102,9.9453245639e-10,200
45.555102,0.015755991372,1000
45.555102,undefined,5000
45.555102,undefined,25000
45.656122,1.4551915228e-11,50
45.656122,9.1813490144e-10,200
45.656122,0.015468292998,1000
45.656122,undefined,5000
45.656122,undefined,25000
45.757143,2.1827872843e-11,50
45.757143,8.1990947365e-10,200
45.757143,0.01518522786,1000
45.757143,undefined,5000
45.757143,undefined,25000
45.858163,3.3196556615e-11,50
45.858163,7.5260686572e-10,200
45.858163,0.014906734203,1000
45.858163,undefined,5000
45.858163,undefined,25000
45.959184,1.7735146685e-11,50
45.959184,6.4619598561e-10,200
45.959184,0.014632750781,1000
45.959184,undefined,5000
45.959184,undefined,25000
46.060204,3.1832314562e-11,50
46.060204,6.2391336542e-10,200
46.060204,0.014363216846,1000
46.060204,undefined,5000
46.060204,undefined,25000
46.161224,3.592504072e-11,50
46.161224,5.2750692703e-10,200
46.161224,0.014098072066,1000
46.161224,undefined,5000
46.161224,undefined,25000
46.262245,4.2291503632e-11,50
46.262245,4.7566572903e-10,200
46.262245,0.013837257107,1000
46.262245,undefined,5000
46.262245,undefined,25000
46.363265,5.638867151e-11,50
46.363265,4.5292836148e-10,200
46.363265,0.013580712734,1000
46.363265,undefined,5000
46.363265,undefined,25000
46.464286,5.9571902966e-11,50
46.464286,3.8471625885e-10,200
46.464286,0.013328380749,1000
46.464286,undefined,5000
46.464286,undefined,25000
46.565306,5.1841198001e-11,50
46.565306,4.1472958401e-10,200
46.565306,0.013080203178,1000
46.565306,undefined,5000
46.565306,undefined,25000
46.666327,8.230927051e-11,50
46.666327,3.7789504859e-10,200
46.666327,0.012836122679,1000
46.666327,undefined,5000
46.666327,undefined,25000
46.767347,8.9585228125e-11,50
46.767347,3.3060132409e-10,200
46.767347,0.012596082725,1000
46.767347,undefined,5000
46.767347,undefined,25000
46.868367,9.4132701633e-11,50
46.868367,2.7011992643e-10,200
46.868367,0.012360026958,1000
46.868367,undefined,5000
46.868367,undefined,25000
46.969388,1.2096279534e-10,50
46.969388,2.7330315788e-10,200
46.969388,0.012127899919,1000
46.969388,undefined,5000
46.969388,undefined,25000
47.070408,1.2050804798e-10,50
47.070408,2.6602720027e-10,200
47.070408,0.011899646588,1000
47.070408,undefined,5000
47.070408,undefined,25000
47.171429,1.3233147911e-10,50
47.171429,2.046363079e-10,200
47.171429,0.011675212437,1000
47.171429,undefined,5000
47.171429,undefined,25000
47.272449,1.6007106751e-10,50
47.272449,1.7234924599e-10,200
47.272449,0.011454543699,1000
47.272449,undefined,5000
47.272449,undefined,25000
47.373469,1.9690560293e-10,50
47.373469,1.5052137314e-10,200
47.373469,0.011237587022,1000
47.373469,undefined,5000
47.373469,undefined,25000
47.47449,2.2737367544e-10,50
47.47449,1.5961632016e-10,200
47.47449,0.011024289612,1000
47.47449,undefined,5000
47.47449,undefined,25000
47.57551,2.4874680093e-10,50
47.57551,1.5916157281e-10,200
47.57551,0.010814599264,1000
47.57551,undefined,5000
47.57551,undefined,25000
47.676531,2.8694557841e-10,50
47.676531,1.1732481653e-10,200
47.676531,0.010608464258,1000
47.676531,undefined,5000
47.676531,undefined,25000
47.777551,3.1468516681e-10,50
47.777551,9.7770680441e-11,200
47.777551,0.010405833752,1000
47.777551,undefined,5000
47.777551,undefined,25000
47.878571,3.6470737541e-10,50
47.878571,1.0413714335e-10,200
47.878571,0.010206656882,1000
47.878571,undefined,5000
47.878571,undefined,25000
47.979592,4.1472958401e-10,50
47.979592,1.000444172e-10,200
47.979592,0.010010883792,1000
47.979592,undefined,5000
47.979592,undefined,25000
48.080612,4.8112269724e-10,50
48.080612,7.68523023e-11,200
48.080612,0.0098184649978,1000
48.080612,undefined,5000
48.080612,undefined,25000
48.181633,5.2568793762e-10,50
48.181633,9.9134922493e-11,200
48.181633,0.0096293516608,1000
48.181633,undefined,5000
48.181633,undefined,25000
48.282653,5.9890226112e-10,50
48.282653,4.1382008931e-11,200
48.282653,0.009443495293,1000
48.282653,undefined,5000
48.282653,undefined,25000
48.383673,7.0076566772e-10,50
48.383673,7.8671291703e-11,200
48.383673,0.0092608480254,1000
48.383673,undefined,5000
48.383673,undefined,25000
48.484694,7.7261574916e-10,50
48.484694,7.0031092037e-11,200
48.484694,0.0090813627712,1000
48.484694,undefined,5000
48.484694,undefined,25000
48.585714,8.7447915575e-10,50
48.585714,6.8212102633e-11,200
48.585714,0.0089049925873,1000
48.585714,undefined,5000
48.585714,undefined,25000
48.686735,9.8771124613e-10,50
48.686735,5.638867151e-11,200
48.686735,0.0087316912482,1000
48.686735,undefined,5000
48.686735,undefined,25000
48.787755,1.0950316209e-9,50
48.787755,4.8203219194e-11,200
48.787755,0.0085614131158,1000
48.787755,undefined,5000
48.787755,undefined,25000
48.888776,1.2369127944e-9,50
48.888776,3.9108272176e-11,200
48.888776,0.0083941127873,1000
48.888776,undefined,5000
48.888776,undefined,25000
48.989796,1.3642420527e-9,50
48.989796,3.7744030124e-11,200
48.989796,0.0082297458803,1000
48.989796,undefined,5000
48.989796,undefined,25000
49.090816,1.5302248357e-9,50
49.090816,5.138645065e-11,200
49.090816,0.0080682681082,1000
49.090816,undefined,5000
49.090816,undefined,25000
49.191837,1.7039383238e-9,50
49.191837,4.4110493036e-11,200
49.191837,0.007909635854,1000
49.191837,undefined,5000
49.191837,undefined,25000
49.292857,1.9053914002e-9,50
49.292857,2.2737367544e-11,200
49.292857,0.0077538059659,1000
49.292857,undefined,5000
49.292857,undefined,25000
49.393878,2.125489118e-9,50
49.393878,3.4560798667e-11,200
49.393878,0.007600735888,1000
49.393878,undefined,5000
49.393878,undefined,25000
49.494898,2.3746906663e-9,50
49.494898,8.185452316e-12,200
49.494898,0.0074503835058,1000
49.494898,undefined,5000
49.494898,undefined,25000
49.595918,2.6343514037e-9,50
49.595918,3.1832314562e-11,200
49.595918,0.0073027070766,1000
49.595918,undefined,5000
49.595918,undefined,25000
49.696939,2.9176590033e-9,50
49.696939,5.4569682106e-12,200
49.696939,0.0071576655778,1000
49.696939,undefined,5000
49.696939,undefined,25000
49.797959,3.2450770959e-9,50
49.797959,2.7739588404e-11,200
49.797959,0.0070152186231,1000
49.797959,undefined,5000
49.797959,undefined,25000
49.89898,3.5997800296e-9,50
49.89898,3.4106051316e-11,200
49.89898,0.0068753256578,1000
49.89898,undefined,5000
49.89898,undefined,25000
50,3.9663063944e-9,50
50,2.5011104299e-11,200
50,0.0067379474685,1000
50,undefined,5000
50,undefined,25000
